epoch,split,loss,lb,val_MSE,val_secMAE,val_secRMSE,val_MAPE,router_entropy,router_max_share,target_key
1,train,0.5986500186520023,2.0685672910063415,,,,1.7587235440741051,0.26265618663567764,y_log_z,
1,val,,,0.6477500002561244,208.75367842387658,292.18127999065064,211.40192024274805,,,y_log_z
2,train,0.5019843667953998,2.1804205320931813,,,,1.7025413421484141,0.2952279011894773,y_log_z,
2,val,,,0.3879013025520081,164.94333329722014,242.58656652625334,104.2504588520794,,,y_log_z
3,train,0.4054544182507308,2.120988183921867,,,,1.6949549229828629,0.2650446934508277,y_log_z,
3,val,,,0.292899716194225,111.86068717580245,172.13750871389666,91.3610301250083,,,y_log_z
4,train,0.3433933681124574,2.0675908760590986,,,,1.6575533043254504,0.23531361528626688,y_log_z,
4,val,,,0.3205334407543335,130.7209536701791,194.20804815356956,98.12167119877687,,,y_log_z
5,train,0.30575132234530017,2.051721381974387,,,,1.6642437914868335,0.23414090181980934,y_log_z,
5,val,,,0.23135001806351935,128.8327241983102,200.39900772707304,61.544443816591716,,,y_log_z
6,train,0.2872857339940705,2.0433836308392612,,,,1.6929111138924018,0.23120442407948155,y_log_z,
6,val,,,0.19927616015509017,119.64598153438958,192.03962160839893,52.08339685738405,,,y_log_z
7,train,0.26713751173102773,2.0421994849518463,,,,1.6830821412426609,0.22810958284181315,y_log_z,
7,val,,,0.18828195415577917,103.2849776411638,171.63006047594143,52.81018830552668,,,y_log_z
8,train,0.25497335070496674,2.025832235396325,,,,1.6954542790259515,0.21430483866821637,y_log_z,
8,val,,,0.17463699670748975,104.74599631277597,168.86059303860833,49.08279393828216,,,y_log_z
9,train,0.24879847769137028,2.030334450148202,,,,1.7179209360709558,0.22140803881041654,y_log_z,
9,val,,,0.15660898259538197,96.60238403806765,159.79946338573995,45.48887391081513,,,y_log_z
10,train,0.24899884339395936,2.0335102006272003,,,,1.7185408702263465,0.22330627970762187,y_log_z,
10,val,,,0.17679476880342335,98.60675749295675,165.16974167187246,51.48685405867252,,,y_log_z
11,train,0.23573198654018082,2.0331869150375153,,,,1.7093206652394541,0.22290678843334838,y_log_z,
11,val,,,0.16702274256590546,104.40124578453226,166.50821404749092,45.642029706942466,,,y_log_z
12,train,0.23456267908319728,2.0259107784791426,,,,1.7122988884265606,0.21569572941406623,y_log_z,
12,val,,,0.19554702502022214,103.39651186569296,161.49807677195201,56.9699217412866,,,y_log_z
13,train,0.22290598085293403,2.0266697481795624,,,,1.7032332261959156,0.22042780510195487,y_log_z,
13,val,,,0.14352771519886082,91.23276337218098,154.59552494045658,41.92380346746666,,,y_log_z
14,train,0.22446471577757723,2.030496413891132,,,,1.7110188949358214,0.2224925301083318,y_log_z,
14,val,,,0.14245264124015058,90.94836028796675,155.25727198374585,41.45500688289119,,,y_log_z
15,train,0.22047976513842601,2.018428374003697,,,,1.6904435357847414,0.20839856773406476,y_log_z,
15,val,,,0.1837097609221206,100.05986372419092,157.68822756760537,56.13792048880026,,,y_log_z
16,train,0.2193771866443274,2.0237594084306196,,,,1.6932426707727926,0.21636684509840878,y_log_z,
16,val,,,0.1485393497963683,91.91531067426207,151.92474373345402,46.63627730144083,,,y_log_z
17,train,0.21165017981629272,2.0223319938966444,,,,1.6946428430663956,0.21094746356243854,y_log_z,
17,val,,,0.15423442984043229,92.69325254117062,152.16278463224532,46.071094795506795,,,y_log_z
18,train,0.2108367080246652,2.014627795953017,,,,1.7089586558041874,0.20502511979816676,y_log_z,
18,val,,,0.1755343704725976,109.63063612006597,163.30911392825558,54.3219388644047,,,y_log_z
19,train,0.21241763161195742,2.0166490753213844,,,,1.70622287013314,0.2045585448508496,y_log_z,
19,val,,,0.15531285150493176,90.56484309878886,147.32284396337812,48.559471925593044,,,y_log_z
20,train,0.20842705979630663,2.030096278323994,,,,1.6817739301628165,0.21801825920185008,y_log_z,
20,val,,,0.13541035961946765,96.14098275545938,152.79084261016024,43.36833186792898,,,y_log_z
21,train,0.2039359519323269,2.016397226940502,,,,1.6870366243215709,0.20571630547096678,y_log_z,
21,val,,,0.19406031306882937,126.60634802194515,183.87225994573438,59.6280006008254,,,y_log_z
22,train,0.20622251219265944,2.018013224735127,,,,1.6946139594058056,0.2091337777934708,y_log_z,
22,val,,,0.21791154695040119,121.72473078774568,172.05748973821662,66.72880023898472,,,y_log_z
23,train,0.20221538852144788,2.019392623767986,,,,1.7012493477001056,0.20873984235983628,y_log_z,
23,val,,,0.18646790830371357,127.26978060715876,181.56778172777666,58.41336775132565,,,y_log_z
24,train,0.20183669577736954,2.025925531253948,,,,1.6847234764299193,0.21845844388008118,y_log_z,
24,val,,,0.1856838517202233,111.1458518397243,160.12480565958003,59.289409773502115,,,y_log_z
25,train,0.19997012990337987,2.024897914666396,,,,1.6920634758222353,0.21643167619521803,y_log_z,
25,val,,,0.20420851124954897,117.85054160429641,166.68971826372587,62.72030512596262,,,y_log_z
26,train,0.19925536194464544,2.020000932099936,,,,1.6899497725746848,0.20843090731780844,y_log_z,
26,val,,,0.23050175708801907,134.2126493590909,185.78792752169377,70.27047317657357,,,y_log_z
27,train,0.20184381347852987,2.017003820492671,,,,1.6921693903582913,0.20498011651989465,y_log_z,
27,val,,,0.1988606215022239,105.93798016555547,155.0145515236939,60.95730806362892,,,y_log_z
28,train,0.19894881421452634,2.021878400882641,,,,1.6842545370955568,0.20733231722891748,y_log_z,
28,val,,,0.20453662080277915,134.8360698884892,184.48840410042544,62.42678681144101,,,y_log_z
29,train,0.19384830981701404,2.0170357885894243,,,,1.6854263143939572,0.2102040340016772,y_log_z,
29,val,,,0.2129883609750841,118.93249538852548,168.75618183343036,64.15364560640351,,,y_log_z
30,train,0.1966639211127808,2.0141693086890906,,,,1.6946371893782717,0.2025830829060161,y_log_z,
30,val,,,0.20899756541921946,121.83529080625964,170.4896019924039,65.88719390924753,,,y_log_z
31,train,0.19564175397366076,2.017219760201194,,,,1.6967656479015216,0.20795400169762698,y_log_z,
31,val,,,0.24382426795376674,119.01335788073442,167.43792833660933,76.34318670724332,,,y_log_z
32,train,0.1922269119666173,2.0210603692314844,,,,1.6920302989599587,0.20676070785189007,y_log_z,
32,val,,,0.1871022615224194,121.84286082788532,171.38385584504695,57.769670960947906,,,y_log_z
33,train,0.1938099449539518,2.023340163531003,,,,1.6630614420750758,0.20986569157013527,y_log_z,
33,val,,,0.21121753351511302,118.76947755441387,168.19902875232145,64.67263277119795,,,y_log_z
34,train,0.1906634640547779,2.0171304399316963,,,,1.7012838925515021,0.20895706825739854,y_log_z,
34,val,,,0.17276191451773712,108.39813144542592,156.87347237752815,54.20826777872932,,,y_log_z
35,train,0.19185494532535127,2.022207665276694,,,,1.694453823816526,0.21048541075282998,y_log_z,
35,val,,,0.22297455293640603,132.72998806132446,184.34066174785687,68.4400142030521,,,y_log_z
36,train,0.18936883225724413,2.0135589129441267,,,,1.6972441798323519,0.2004036209383211,y_log_z,
36,val,,,0.21370967272992467,120.59602572874634,169.33497103032627,64.12350823756684,,,y_log_z
37,train,0.1909321736205708,2.0157821987058733,,,,1.6901824440989461,0.202736574140462,y_log_z,
37,val,,,0.2119296300285479,129.0862990493021,175.96818550781202,65.73810855682066,,,y_log_z
38,train,0.18726862289688803,2.0213849011001055,,,,1.6959579424424605,0.21075030838276124,y_log_z,
38,val,,,0.24158364629992618,128.5528826086494,177.6967807356498,71.08872608808387,,,y_log_z
39,train,0.1882533607157794,2.0171905147445783,,,,1.7003984876445957,0.2081351717868885,y_log_z,
39,val,,,0.25156234975534286,142.9565774800076,193.05740097297164,75.99283589510283,,,y_log_z
40,train,0.18520646365164042,2.0139207764938996,,,,1.7028149833212365,0.202532789923928,y_log_z,
40,val,,,0.26477314549334086,143.9429465110414,195.14524362137587,81.82526405878829,,,y_log_z
41,train,0.18554794652895493,2.018266496124801,,,,1.6915114359422163,0.2071573967700238,y_log_z,
41,val,,,0.23627165317926901,147.344137803085,197.01371872158873,71.48698808252304,,,y_log_z
42,train,0.18448547216562125,2.012977913543061,,,,1.7024146826950821,0.20112159629384954,y_log_z,
42,val,,,0.23576209972202952,161.60416817572954,214.8303786721434,71.91848099454923,,,y_log_z
43,train,0.18553797535962993,2.0133779215645955,,,,1.7056149611106286,0.2046252840257191,y_log_z,
43,val,,,0.29890200288034063,178.37160446185632,236.53192770122132,89.91027950833285,,,y_log_z
44,train,0.18407476854907884,2.0115855840536265,,,,1.7096069092517132,0.20020459227628642,y_log_z,
44,val,,,0.24467139843618801,162.6420978421092,215.9697242502032,75.1320688359325,,,y_log_z
45,train,0.18469856773223076,2.015719771385193,,,,1.7037802134360467,0.20481472217536473,y_log_z,
45,val,,,0.22941567580532626,142.3294128433858,197.15113492750692,69.09671891172721,,,y_log_z
46,train,0.1827191634403242,2.0116056162160594,,,,1.7138070685046536,0.19795157077845993,y_log_z,
46,val,,,0.27772653441796574,148.51255067224545,198.88257489290257,84.57507707758651,,,y_log_z
47,train,0.1840501701706773,2.015578360824318,,,,1.7042896697571228,0.20877971661674394,y_log_z,
47,val,,,0.26403438599994417,145.95320137064107,196.66664798458115,80.95887272553261,,,y_log_z
48,train,0.17990302622735083,2.010660828410329,,,,1.697582015624413,0.19822124209437336,y_log_z,
48,val,,,0.2945556585616598,139.32768366266495,186.5470211147027,90.37585503730794,,,y_log_z
49,train,0.1794985685940389,2.014052962923383,,,,1.7068758486034152,0.20335325379888494,y_log_z,
49,val,,,0.27146793151983434,149.3963322301725,197.71701873084857,81.86187264899085,,,y_log_z
50,train,0.18067075468443491,2.0113881734701304,,,,1.7111026373776523,0.2005486998941515,y_log_z,
50,val,,,0.2896907253615236,156.57967420786127,204.46781774034585,87.09639173679149,,,y_log_z
51,train,0.17966163439767344,2.0138776769171227,,,,1.7032963420961287,0.20398161127850725,y_log_z,
51,val,,,0.264301457814876,165.54120966832272,213.4437262578625,78.96923656033164,,,y_log_z
52,train,0.17735627298796927,2.013569621773033,,,,1.7121777134341793,0.20095178953834347,y_log_z,
52,val,,,0.26182852021095515,177.27155484465115,227.70560359992817,79.07505552943975,,,y_log_z
53,train,0.17895128155921722,2.0166426063417555,,,,1.6939298673109575,0.20325903646595828,y_log_z,
53,val,,,0.28574322503159544,150.62439131313266,197.8544971793367,86.34885235914831,,,y_log_z
54,train,0.17650810306097245,2.0109931213872416,,,,1.702353575846532,0.19901257524123558,y_log_z,
54,val,,,0.26070610479561507,168.5128063019561,216.09706542205026,80.17156311043712,,,y_log_z
55,train,0.17888006286604421,2.0154554818893646,,,,1.7015007500881916,0.2042875067962633,y_log_z,
55,val,,,0.21508764600740118,143.04674714358842,191.04652998953557,67.46550531599503,,,y_log_z
56,train,0.17594632740829375,2.011571754108776,,,,1.7080820623811308,0.19913679736477513,y_log_z,
56,val,,,0.2967347699141649,150.09147725352693,198.12152049303458,90.93960166909916,,,y_log_z
57,train,0.176033156891386,2.012008843722043,,,,1.7124500608110762,0.20058334592755858,y_log_z,
57,val,,,0.24714706565468675,144.048840797217,190.55723545192055,75.0404331870266,,,y_log_z
58,train,0.17302977939794115,2.013468220517352,,,,1.7109845293151749,0.20189808767575484,y_log_z,
58,val,,,0.21921412587650135,133.6628338229607,181.96998416888542,68.47721930413572,,,y_log_z
59,train,0.1731611871635997,2.012988500661783,,,,1.7088499069213867,0.19990750032288213,y_log_z,
59,val,,,0.30478879788133556,167.7820784559639,213.8354409955011,93.37736388670037,,,y_log_z
60,train,0.1747788040267004,2.012711719199494,,,,1.7171989454256071,0.20174262333999982,y_log_z,
60,val,,,0.25421157158208646,151.34236376115155,199.29807890145304,77.65445959467523,,,y_log_z
61,train,0.1730589728046964,2.0132438419582126,,,,1.71291271039656,0.2018072520727878,y_log_z,
61,val,,,0.2475658026916936,159.9228603430948,206.3066689578579,75.2488924277011,,,y_log_z
62,train,0.1745091664207565,2.0124689624026106,,,,1.7090397397954982,0.20251773443672208,y_log_z,
62,val,,,0.2623684817195621,161.41239709103783,210.91766680469092,78.91708698712331,,,y_log_z
63,train,0.17389355740555518,2.010645713005866,,,,1.7109165408394553,0.19787388831585437,y_log_z,
63,val,,,0.2588806160234917,161.58175935467753,212.15366355361064,78.59010294866063,,,y_log_z
64,train,0.1720234789214768,2.009783026221749,,,,1.710742867909945,0.19934562505125167,y_log_z,
64,val,,,0.2203041486472526,145.81499951168942,193.5078441531337,68.24485686193118,,,y_log_z
65,train,0.1716522691133139,2.0092819595670366,,,,1.7066797293149507,0.19582578310599694,y_log_z,
65,val,,,0.21114464551640097,130.2327329554379,178.84052442974067,65.25296280784491,,,y_log_z
66,train,0.1692383904661332,2.0108828219500454,,,,1.706929637835576,0.20045555669527787,y_log_z,
66,val,,,0.23077254643792858,144.1956470523954,192.47596916464505,70.64404070515569,,,y_log_z
67,train,0.1704840313617166,2.0107355926420305,,,,1.7141779536133879,0.19868788143971583,y_log_z,
67,val,,,0.2864571923045492,156.8591949098051,205.5749985701003,87.4552915873219,,,y_log_z
68,train,0.1683310527172122,2.0114638488609473,,,,1.7242739250609924,0.2004800595186807,y_log_z,
68,val,,,0.2721642033738263,149.6102198731339,197.4203729864888,80.8992593680733,,,y_log_z
69,train,0.16813167507623458,2.0100594733978485,,,,1.7216603989367718,0.19737830184973204,y_log_z,
69,val,,,0.26727494936819335,176.8299177569206,227.83876963213226,78.51868169811932,,,y_log_z
70,train,0.16919265885453125,2.009220402557533,,,,1.7186247018667369,0.1973689605931302,y_log_z,
70,val,,,0.27710469454344283,147.744828611003,191.46906844319486,84.30349512602676,,,y_log_z
71,train,0.1673885311384301,2.008526427762492,,,,1.7177433634137773,0.19563051537200288,y_log_z,
71,val,,,0.26215502658938084,150.79628915441268,198.557354457072,80.26080518435651,,,y_log_z
72,train,0.16876529844907615,2.0112941248433573,,,,1.7156946659088135,0.19964611321896106,y_log_z,
72,val,,,0.2183419342075582,154.58255217980906,205.99864268155062,65.95314313075491,,,y_log_z
73,train,0.1688437257092316,2.0098205354663876,,,,1.7190772161617145,0.19828628878910226,y_log_z,
73,val,,,0.20885964692804793,154.281113118545,206.20427702734273,62.45633999571882,,,y_log_z
74,train,0.16915105658394475,2.011016449728212,,,,1.7157486693842428,0.20137463843489026,y_log_z,
74,val,,,0.2078698242086288,152.95789648081583,204.84664901704647,62.92272999819617,,,y_log_z
75,train,0.16723369437080998,2.009330347701386,,,,1.721955246025032,0.19766301573156478,y_log_z,
75,val,,,0.22769296138292247,160.8518971403969,210.50364423659863,68.35667085058424,,,y_log_z
76,train,0.16848917592030305,2.0067770247692827,,,,1.7225604524145592,0.19430910811557636,y_log_z,
76,val,,,0.1931170004105712,142.4778162868026,193.48210929964554,59.03706524224429,,,y_log_z
77,train,0.1674327195420132,2.0108802885442345,,,,1.715496485049908,0.1996218316204898,y_log_z,
77,val,,,0.28808321617353466,178.3573486870801,230.03728100532297,85.10367598819043,,,y_log_z
78,train,0.16409475345920016,2.0078527385538276,,,,1.7159195071333773,0.19379344926430628,y_log_z,
78,val,,,0.227993194540434,152.17730698101482,204.37674180729476,68.12981773783014,,,y_log_z
79,train,0.16558562589066844,2.0082387165589766,,,,1.7201925724536389,0.19465169498136828,y_log_z,
79,val,,,0.26393042085551477,159.5990028588365,210.2923641161062,78.45108917313941,,,y_log_z
80,train,0.16444749937399283,2.01008705575983,,,,1.715725231003928,0.1994247472994811,y_log_z,
80,val,,,0.25923323302211976,173.25040790654037,222.82636331596325,77.28411931846627,,,y_log_z
81,train,0.1654534651995539,2.009207509614371,,,,1.713949669491161,0.19619889515680033,y_log_z,
81,val,,,0.2721563629310848,163.62422186134216,211.65345751240864,81.0374815822624,,,y_log_z
82,train,0.16638557237761836,2.0084101578572415,,,,1.722390829266368,0.1965186178059011,y_log_z,
82,val,,,0.2284709753427864,144.19831459318428,194.5766341319099,69.12999775469044,,,y_log_z
83,train,0.1625654292064947,2.0092226650331404,,,,1.7142981115754667,0.197677426821702,y_log_z,
83,val,,,0.2424571035007936,150.22868574169078,197.44917468172397,71.7079400855625,,,y_log_z
84,train,0.1628211341225184,2.007981570450576,,,,1.7165368928775921,0.19364505297654158,y_log_z,
84,val,,,0.23771711790005698,151.82822540971938,205.63187226700524,70.43757825534001,,,y_log_z
85,train,0.16319301427452715,2.0075845368258602,,,,1.7203489775424237,0.19393481460067777,y_log_z,
85,val,,,0.21237366593607146,170.96347976575484,224.45662775346042,65.3285357030327,,,y_log_z
86,train,0.16338217268873761,2.0091920074049407,,,,1.7198021478586263,0.19857868322959313,y_log_z,
86,val,,,0.23800402845354296,159.63317913383364,208.77154634022142,70.7811367102823,,,y_log_z
87,train,0.16146989781539756,2.008430927783459,,,,1.7216765455432705,0.1959609551863237,y_log_z,
87,val,,,0.21381099107726823,159.10168433319734,211.82375916190637,66.05767210532927,,,y_log_z
88,train,0.161496490292199,2.0087257248538357,,,,1.719977568913173,0.19639202556410035,y_log_z,
88,val,,,0.22884877809781842,172.90762642179146,229.51232421763194,69.53743643993384,,,y_log_z
89,train,0.16184448758205333,2.00791370952046,,,,1.7187434043083991,0.19473230432380328,y_log_z,
89,val,,,0.25645283019111564,156.99036295497953,206.61205902390344,75.67970047777779,,,y_log_z
90,train,0.1625593011300047,2.0069890739200833,,,,1.7268063880346871,0.19268707107830715,y_log_z,
90,val,,,0.2268266110593585,152.92402974623025,202.17484501756624,68.41367534470386,,,y_log_z
91,train,0.15957564985627062,2.0073846987077406,,,,1.7190716258295766,0.19478640033231748,y_log_z,
91,val,,,0.23066503773383815,161.23800934489958,212.40737753837846,69.0825348092894,,,y_log_z
92,train,0.16270055272779266,2.007407572719601,,,,1.7242735524277586,0.19517519892929316,y_log_z,
92,val,,,0.2141151707851061,161.82298963295315,213.87291931957873,63.59873772985211,,,y_log_z
93,train,0.15824166403992193,2.0071167437346666,,,,1.7243764100374874,0.1933211843658994,y_log_z,
93,val,,,0.27282336399373636,167.41985970682435,219.42767142332502,79.83313399443846,,,y_log_z
94,train,0.1602366161304754,2.007607190759032,,,,1.725022710286654,0.19477512400883895,y_log_z,
94,val,,,0.2148348454870223,147.59897769040555,195.47003187710428,65.78750757692974,,,y_log_z
95,train,0.1595813027628652,2.006191279504683,,,,1.7295884235755548,0.1923277735501736,y_log_z,
95,val,,,0.255511630721217,163.94689152081622,217.08129940726343,75.30242944488963,,,y_log_z
96,train,0.15958529945228483,2.0067570251184743,,,,1.7265960203184114,0.19296222925186157,y_log_z,
96,val,,,0.2332771731219819,159.71121810747167,207.04720173820752,70.73358450935288,,,y_log_z
97,train,0.16039211834435696,2.0074125311591406,,,,1.7269093673545997,0.19439626177707753,y_log_z,
97,val,,,0.25387653025660883,169.42075016473882,220.57675982475632,75.21139738365262,,,y_log_z
98,train,0.15873207089367447,2.0066415238213704,,,,1.724007683200436,0.19350008729037704,y_log_z,
98,val,,,0.23811469489995118,160.52405059672063,208.67498221273163,71.29182631688192,,,y_log_z
99,train,0.15758041974964676,2.009164615944549,,,,1.7200350294579994,0.19758296731885497,y_log_z,
99,val,,,0.23915520727638606,166.95596124945556,218.80202759257298,70.98760362617445,,,y_log_z
100,train,0.15903921758795117,2.006080076411054,,,,1.7260270368802797,0.1927717369753164,y_log_z,
100,val,,,0.2281397297030387,161.01896796213228,212.46599209102143,67.73304625546939,,,y_log_z
101,train,0.15792758184504677,2.007395346681555,,,,1.7268889567235133,0.192453236950861,y_log_z,
101,val,,,0.23562775049589493,153.54751998259994,201.51595825108149,70.43946493675782,,,y_log_z
102,train,0.15634049761753815,2.006307753649625,,,,1.7266455646995065,0.1925987476235503,y_log_z,
102,val,,,0.218807682838701,155.2456162636015,206.536516621031,66.99304902741908,,,y_log_z
103,train,0.15754426932418264,2.006545848779745,,,,1.7295217889172214,0.19345054791107044,y_log_z,
103,val,,,0.2559414277815952,162.92617856702572,214.66983538194384,76.75475494142151,,,y_log_z
104,train,0.15754426932418264,2.006545848779745,,,,1.7295217889172214,0.19345054791107044,y_log_z,
104,val,,,0.2559414277815952,162.92617856702572,214.66983538194384,76.75475494142151,,,y_log_z
105,train,0.157288856223346,2.006735477831018,,,,,0.191848244016852,-0.000173400735849,
105,val,,,0.256617481364745,161.163142297235453,215.926404164059193,76.754754941421510,,,
106,train,0.157001342541806,2.007035863336935,,,,,0.193453673151115,0.000870081598476,
106,val,,,0.256884062941817,162.013053349810235,209.954737307856334,76.754754959978072,,,
107,train,0.156033813288730,2.006921044162579,,,,,0.195645560799830,-0.000821094980548,
107,val,,,0.253767434224142,161.788651194161730,213.382118475286347,76.754754958888284,,,
108,train,0.157313647401177,2.006670585577616,,,,,0.195730541408646,-0.000648435553374,
108,val,,,0.255375206654431,162.925032131591308,209.515094151543622,76.754754941421510,,,
109,train,0.157037265751126,2.007329467318195,,,,,0.196093471638141,0.000753501405563,
109,val,,,0.247851670802200,161.061851654840495,205.960771941795457,76.754754960741266,,,
110,train,0.154912563062881,2.007438871063926,,,,,0.194750249049994,-0.000012175402820,
110,val,,,0.253704140049204,161.596045927603228,207.989490440639997,76.754754941421510,,,
111,train,0.154101754571569,2.006931223552499,,,,,0.194600451203235,-0.000485479948946,
111,val,,,0.247329452766170,160.792262904497875,209.692253720260993,76.754754944132756,,,
112,train,0.155525458702039,2.007030530185729,,,,,0.196377144804260,0.000794101405278,
112,val,,,0.251084246413366,159.628708002539071,202.581343010056827,76.754754948191746,,,
113,train,0.153618434451913,2.007095221524772,,,,,0.194434693744492,-0.000503915910782,
113,val,,,0.246063088648351,158.268524854448742,207.239277347817278,76.754754959582897,,,
114,train,0.153598699577444,2.007606055523109,,,,,0.193373767093071,0.000307372881475,
114,val,,,0.248299662658881,157.266320005429151,200.716342374259028,76.754754941421510,,,
115,train,0.153541491085919,2.007536663401302,,,,,0.197096282561644,0.000407122212486,
115,val,,,0.244619361378115,157.033798763141363,206.497785080968782,76.754754941421510,,,
116,train,0.153773637537898,2.007421706797162,,,,,0.194237803327962,-0.000693642743199,
116,val,,,0.246890643614684,158.258708519708108,201.135787200541188,76.754754943390893,,,
117,train,0.153039773368091,2.007741779846775,,,,,0.196547676756339,-0.000563188018220,
117,val,,,0.242348894167283,158.341579076810149,203.993440388262513,76.754754941421510,,,
118,train,0.152633518611770,2.007951869864842,,,,,0.194391436026681,0.000128340011296,
118,val,,,0.240094296167056,157.225974293131799,199.769973534071596,76.754754944329576,,,
119,train,0.151480697186585,2.007770220614935,,,,,0.196348158571163,-0.000767535306030,
119,val,,,0.240234377567091,156.926836904673308,195.143947447838343,76.754754941836524,,,
120,train,0.152943270144144,2.007950719457397,,,,,0.196507533074262,-0.000086404776637,
120,val,,,0.238256384359782,156.101757667155226,200.222101527894637,76.754754950352719,,,
121,train,0.151473428278080,2.008303057026578,,,,,0.197625518513827,0.000156625662569,
121,val,,,0.237261546756053,155.286505887459697,192.775343913775686,76.754754961186450,,,
122,train,0.152607055464414,2.007852642612842,,,,,0.198565159930462,-0.000936548988559,
122,val,,,0.239000745746034,156.296418260893603,197.734131838499451,76.754754960554848,,,
123,train,0.151476656079668,2.008196538016963,,,,,0.198989236016467,-0.000235045463113,
123,val,,,0.241446504032865,156.341575585814155,193.317235774745058,76.754754948730721,,,
124,train,0.151179839972388,2.008372427381808,,,,,0.197819682021698,-0.000304466314926,
124,val,,,0.235516903736195,154.679327811296957,193.564612190168049,76.754754950535840,,,
125,train,0.149637866160239,2.008074984522028,,,,,0.195484211284139,-0.000403282088074,
125,val,,,0.238211856963752,154.284903722829739,192.523505262679407,76.754754954355931,,,
126,train,0.149365432779121,2.008412622217153,,,,,0.196683628581388,0.000874838218685,
126,val,,,0.237682147076703,152.413676778514230,193.838259659294806,76.754754941421510,,,
127,train,0.150444075881465,2.008891161386802,,,,,0.195831352034283,-0.000587848513035,
127,val,,,0.232239838820110,151.728275180499764,190.953481051426280,76.754754949552961,,,
128,train,0.148140595809758,2.008877538761840,,,,,0.197565595295634,-0.000531332069454,
128,val,,,0.232181635726893,154.103665724782275,185.239064799808602,76.754754941577346,,,
129,train,0.148458609778080,2.009021842191170,,,,,0.199070366573720,-0.000362199851114,
129,val,,,0.234044958788384,153.041547626026841,186.439452627559973,76.754754941421510,,,
130,train,0.147718709801101,2.008999285713488,,,,,0.197216196762829,-0.000399006072447,
130,val,,,0.229236435162903,153.551813795219886,190.170590287215703,76.754754957884614,,,
131,train,0.148699361399106,2.008920749016329,,,,,0.198502269512919,0.000944599362297,
131,val,,,0.234735068883609,152.200319650004303,188.296849049176672,76.754754941421510,,,
132,train,0.147785239168817,2.008809702522761,,,,,0.198213371929331,0.000508842371120,
132,val,,,0.230427455884661,152.380786509127944,183.065467767514576,76.754754949724585,,,
133,train,0.148510624411378,2.009453010721973,,,,,0.199144831989460,0.000935591088541,
133,val,,,0.230132188051273,149.554903018255402,181.501013755316876,76.754754941421510,,,
134,train,0.147734965453782,2.009548330020615,,,,,0.200471582703467,-0.000815088308386,
134,val,,,0.230444259253957,149.326075413577513,180.653145957872738,76.754754948368387,,,
135,train,0.147274790992727,2.009603101236302,,,,,0.198023425555496,0.000523403302931,
135,val,,,0.229537890461068,150.147261506562501,181.396114866651004,76.754754956200458,,,
136,train,0.146195685724060,2.009753299311503,,,,,0.197519849870274,0.000874337012795,
136,val,,,0.230362374243851,148.242601676213980,184.793590814368741,76.754754941421510,,,
137,train,0.145608023849267,2.009588298721439,,,,,0.198464324763229,0.000830269524245,
137,val,,,0.226476977951451,150.039248520821275,178.413332270528485,76.754754942767519,,,
138,train,0.145586925459895,2.009430366914472,,,,,0.199885300262328,-0.000005445522706,
138,val,,,0.222275494963027,150.313301050190688,178.108182114836922,76.754754955010753,,,
139,train,0.146765532523816,2.009599175415607,,,,,0.199677500407872,0.000125051955918,
139,val,,,0.222263050379562,147.083043592189938,175.248957341737594,76.754754958811844,,,
140,train,0.145507924113045,2.009722968603509,,,,,0.198819164484323,-0.000340276233433,
140,val,,,0.222511629997492,148.978109684927091,176.228794834395870,76.754754947605832,,,
141,train,0.145456826045832,2.009697030756290,,,,,0.201683662948356,0.000933035194831,
141,val,,,0.223511214420919,147.405864936878913,172.319325784361979,76.754754953220527,,,
142,train,0.143705566621643,2.010121634001976,,,,,0.200538296722358,0.000833815455364,
142,val,,,0.221883003536248,147.496184603865601,170.311742951059358,76.754754941421510,,,
143,train,0.145219016987820,2.010374105073116,,,,,0.201445650385663,0.000528688260698,
143,val,,,0.220035305515441,147.753175601094284,170.726541195249013,76.754754949708285,,,
144,train,0.142586664586788,2.010146329723566,,,,,0.200453328761023,0.000235675185163,
144,val,,,0.220980415044253,146.573842157127615,171.820057644279586,76.754754941421510,,,
145,train,0.142239384685287,2.010269427108816,,,,,0.199195664987577,0.000058836470389,
145,val,,,0.217225780727284,147.370092626193951,166.751825904209340,76.754754953947796,,,
146,train,0.143725439479573,2.010543331953531,,,,,0.202975140074736,-0.000785982861954,
146,val,,,0.215024118823392,144.162768269248232,167.184548199029621,76.754754942479750,,,
147,train,0.143771427199861,2.010243708821171,,,,,0.201111361364435,-0.000253901911009,
147,val,,,0.216371680453242,145.144616219434766,172.969385264983572,76.754754941421510,,,
148,train,0.143072110591231,2.010753293434219,,,,,0.202326478405031,0.000716452646809,
148,val,,,0.218038034453017,143.139096777425976,166.657293062507676,76.754754943529562,,,
149,train,0.141013414018619,2.010237107185903,,,,,0.200584800112372,-0.000000283219439,
149,val,,,0.214765736112132,145.045726561778537,167.191331519467781,76.754754955739926,,,
150,train,0.140780455225371,2.010701992242485,,,,,0.200257217267463,-0.000577177431549,
150,val,,,0.217018480077832,144.974374525146004,165.348088228532845,76.754754941421510,,,
151,train,0.140382591543607,2.011079201094117,,,,,0.203872040689630,0.000127022268491,
151,val,,,0.210041371353550,144.694467164769975,162.898318147956104,76.754754959880273,,,
152,train,0.141445216706786,2.011043808372409,,,,,0.203313381800737,-0.000203412027369,
152,val,,,0.209457214169892,141.696707185163575,161.195367558510156,76.754754954807538,,,
153,train,0.140563355400716,2.011238011035407,,,,,0.201977189898944,0.000511228753412,
153,val,,,0.209011039847629,144.058210206673294,164.279650360458959,76.754754941453228,,,
154,train,0.141824320336694,2.010718635042897,,,,,0.202586377344946,0.000677362862213,
154,val,,,0.209565553636153,142.900932002541310,165.192254638998065,76.754754941421510,,,
155,train,0.140934553441073,2.010791142607980,,,,,0.202119075476418,0.000985191460337,
155,val,,,0.209751930880467,141.091653931684988,164.006882590893866,76.754754941421510,,,
156,train,0.140337344021565,2.011337236662829,,,,,0.201556285905913,0.000237236525155,
156,val,,,0.211083047157320,141.875577216086697,155.564835469329068,76.754754941421510,,,
157,train,0.140084505463322,2.011407792205473,,,,,0.204359906328498,-0.000366650875508,
157,val,,,0.205150846785632,139.074380292119343,156.439109688301073,76.754754941421510,,,
158,train,0.138534846420937,2.011135241153416,,,,,0.202338579794943,-0.000102314692210,
158,val,,,0.207505251450158,140.011614122194914,152.950782791067269,76.754754941421510,,,
159,train,0.137710937382649,2.011561687818007,,,,,0.203074489043442,-0.000229528755691,
159,val,,,0.204689446496263,139.524865466847785,152.384761003505417,76.754754957466957,,,
160,train,0.139593029643000,2.011926393069053,,,,,0.204252368924134,-0.000660847369898,
160,val,,,0.204431381966292,138.268343848024870,153.174933489562591,76.754754941421510,,,
161,train,0.136948678937259,2.011623405664180,,,,,0.203836680104682,-0.000031538002880,
161,val,,,0.201318065919558,138.229576911851751,151.639121180535426,76.754754946422864,,,
162,train,0.138060154381192,2.011540447541611,,,,,0.202767897229496,-0.000390691822178,
162,val,,,0.206753248815909,138.081957628021627,153.778416888957793,76.754754953584566,,,
163,train,0.136996628297816,2.011730975469693,,,,,0.205789687558088,0.000719031314540,
163,val,,,0.206033607013489,137.003366711059641,150.139688632658618,76.754754959312663,,,
164,train,0.136304105217770,2.011806026087269,,,,,0.206573839713200,0.000937469192502,
164,val,,,0.200164860079621,138.465588367834954,150.534236059077529,76.754754944456678,,,
165,train,0.136077511342199,2.011940662012405,,,,,0.206169262938128,-0.000214134023116,
165,val,,,0.197969498555212,137.605715481381822,150.335448474789786,76.754754943246667,,,
166,train,0.136939276304943,2.012156387366070,,,,,0.206903058361525,-0.000076757089445,
166,val,,,0.201387565354747,136.765066161759364,146.684970730066368,76.754754949134920,,,
167,train,0.136974513573110,2.012423810324768,,,,,0.204915334100818,-0.000001393597293,
167,val,,,0.199937685022769,135.685327415665938,148.770442763866185,76.754754950030971,,,
168,train,0.136552363144095,2.011992005171176,,,,,0.207429343038727,-0.000041531431067,
168,val,,,0.197342637236991,136.157235745834726,149.949440859339688,76.754754949089858,,,
169,train,0.135540374386384,2.012600058960679,,,,,0.205092382884978,0.000791018850782,
169,val,,,0.197427877457585,136.181433436451698,141.710783947220108,76.754754952179667,,,
170,train,0.135511860196543,2.012374989507398,,,,,0.206430025382440,-0.000911424841077,
170,val,,,0.199771471278743,135.895062270692364,143.343923094195020,76.754754951528824,,,
171,train,0.136014666293156,2.012519438635183,,,,,0.204071941202342,-0.000482532909658,
171,val,,,0.195428489850990,134.942409103593150,143.829101925539788,76.754754944430928,,,
172,train,0.134251482937070,2.012580921484177,,,,,0.207306899091611,0.000177183456679,
172,val,,,0.194449913772581,133.938745388259832,137.989234928851801,76.754754941421510,,,
173,train,0.133829566978532,2.013083314168505,,,,,0.204869530841461,0.000881369943339,
173,val,,,0.190936843638991,133.408807343903931,140.619249661310363,76.754754941421510,,,
174,train,0.133672420006078,2.012822205628045,,,,,0.206345679705360,0.000393534401578,
174,val,,,0.191321161076196,132.951065006482139,142.597608767249000,76.754754941421510,,,
175,train,0.134334324642208,2.013036314230380,,,,,0.207489332421547,-0.000671305240135,
175,val,,,0.195251912435562,132.342794642357177,136.072949301908579,76.754754941421510,,,
176,train,0.133202203778071,2.013350678956361,,,,,0.205895929047057,-0.000189908925542,
176,val,,,0.188534858012254,133.258882052791989,137.217200098448501,76.754754941421510,,,
177,train,0.133010323217189,2.012890357794171,,,,,0.207525083483537,-0.000222332885857,
177,val,,,0.191413457004807,131.377242824478884,138.898024383331176,76.754754953770700,,,
178,train,0.131160652070779,2.012911176581071,,,,,0.208831948939961,-0.000626092850342,
178,val,,,0.187755258830204,131.805984973363508,133.624548679034234,76.754754955926970,,,
179,train,0.132093191615904,2.013389542000886,,,,,0.207919653515493,0.000222621294615,
179,val,,,0.188748772942296,131.018411089803436,137.562690740678846,76.754754946116023,,,
180,train,0.132535542660405,2.013527798049805,,,,,0.206909287134898,0.000228973610806,
180,val,,,0.184192602826700,129.879628571457914,130.248976349092260,76.754754941421510,,,
181,train,0.130469273984968,2.013608632708679,,,,,0.207950565388030,-0.000163525058013,
181,val,,,0.183674462711703,130.301626811613005,129.764109781771197,76.754754946841572,,,
182,train,0.131525606134811,2.013663714194170,,,,,0.210094633262101,0.000109827348168,
182,val,,,0.185327847501530,129.063771301063611,129.802292415297501,76.754754941421510,,,
183,train,0.129434358648203,2.013546712457560,,,,,0.206321078776236,-0.000726945109286,
183,val,,,0.186790728597814,131.416876525329371,130.372944321012454,76.754754941421510,,,
184,train,0.130820981262155,2.013677530903415,,,,,0.209830095017502,-0.000022601428140,
184,val,,,0.180560122477220,127.858224261007734,131.499489938210274,76.754754941421510,,,
185,train,0.129359074283845,2.013855617792644,,,,,0.207331086430310,-0.000085358932598,
185,val,,,0.184453476866568,129.913558458323109,128.617825995884459,76.754754941421510,,,
186,train,0.128579102674943,2.014117219013497,,,,,0.210139157534286,-0.000266281781318,
186,val,,,0.184131486543104,127.057179363728437,129.003033352568053,76.754754943275643,,,
187,train,0.130634761176654,2.013720832605064,,,,,0.210354059018762,0.000502701043307,
187,val,,,0.179410635845658,129.861851721910909,125.624215935832936,76.754754941421510,,,
188,train,0.129820854249994,2.014054109040119,,,,,0.211197363024125,0.000551274325028,
188,val,,,0.178064497783056,128.808445219319452,125.742788155716511,76.754754941421510,,,
189,train,0.129190493002709,2.014284044419040,,,,,0.208073175217348,-0.000721544498748,
189,val,,,0.176939660560280,126.357791310703604,120.138028558994620,76.754754941421510,,,
190,train,0.127674333883104,2.014305998383124,,,,,0.208891619095665,0.000408115685661,
190,val,,,0.176636726641694,126.142464914881842,125.925938949567751,76.754754960841041,,,
191,train,0.128423698674297,2.014075267665554,,,,,0.211635867755736,0.000571393524225,
191,val,,,0.180308957039888,128.164426426221809,124.935817175904702,76.754754941421510,,,
192,train,0.128594466612686,2.014276830052331,,,,,0.210818098694811,0.000656976744669,
192,val,,,0.178260941939834,126.681423289334106,120.627019684340979,76.754754944518524,,,
193,train,0.126619412072643,2.014485690707644,,,,,0.209968225392310,0.000267260871811,
193,val,,,0.178219309221504,124.300169729657668,119.783887364379609,76.754754941421510,,,
194,train,0.128106009703015,2.014542957192095,,,,,0.212149044326844,-0.000345428348107,
194,val,,,0.170933645819363,126.173697395437273,120.579886603525509,76.754754950658793,,,
195,train,0.126457901006184,2.014846174701995,,,,,0.209968644826272,-0.000873356094652,
195,val,,,0.173897078406591,123.882758930882432,116.910652342681175,76.754754941421510,,,
196,train,0.125597841816259,2.015054783749815,,,,,0.210074523289668,0.000155870397868,
196,val,,,0.173223357711442,124.364483141424969,115.105631631639724,76.754754948723587,,,
197,train,0.124655098062139,2.014617862480747,,,,,0.212046829140510,-0.000080838091382,
197,val,,,0.169105970981187,125.198946156468509,114.875312278268552,76.754754941421510,,,
198,train,0.126803944661020,2.014782044521693,,,,,0.211853383387658,-0.000736188548708,
198,val,,,0.172024386767812,122.428845004029014,118.026104612685472,76.754754941421510,,,
199,train,0.125633203893026,2.014906703690363,,,,,0.210774127839454,0.000807616689682,
199,val,,,0.167597497940379,122.809115685234516,111.574548330415638,76.754754949399171,,,
200,train,0.124142288726039,2.015289457448263,,,,,0.212289307780874,-0.000997847349164,
200,val,,,0.168956461149463,121.503178752030252,109.826052948434992,76.754754948620814,,,
201,train,0.123186603074311,2.015408362887038,,,,,0.212930705844690,0.000976329345125,
201,val,,,0.167655912443198,121.082800518650075,107.424807569273440,76.754754941421510,,,
202,train,0.124820583071380,2.015069466586163,,,,,0.211103405075277,0.000761993229520,
202,val,,,0.164678024490348,122.822526407530688,112.214165560817008,76.754754941421510,,,
203,train,0.125197677657656,2.015188599029323,,,,,0.212159790536752,-0.000983070177104,
203,val,,,0.167502870226786,121.281939145443360,110.882780709656373,76.754754946544708,,,
204,train,0.122554351506206,2.015472865027664,,,,,0.212971777931163,0.000719939447705,
204,val,,,0.162502597188058,119.720238370204456,110.072772295335611,76.754754945004464,,,
205,train,0.122850666598586,2.015961482868998,,,,,0.211671262620668,-0.000720354029174,
205,val,,,0.162981765986766,119.247047268202849,107.296529927012003,76.754754945421823,,,
206,train,0.123122088639896,2.015918175279163,,,,,0.213362916865674,0.000695798124564,
206,val,,,0.164850827605157,119.560127953693950,105.922897804122584,76.754754941802418,,,
207,train,0.123165528937737,2.015658612113848,,,,,0.211007013232178,0.000795841037216,
207,val,,,0.166100614588588,119.791887161799067,101.378760964595827,76.754754941421510,,,
208,train,0.122403980699484,2.015916772342242,,,,,0.214887311003383,0.000973784540988,
208,val,,,0.165045427495331,118.151866055282397,106.732426980857298,76.754754944156730,,,
209,train,0.121438278237170,2.016118481818185,,,,,0.214215167943531,0.000908924146001,
209,val,,,0.162951880312977,117.345216728687561,98.855396520886970,76.754754941421510,,,
210,train,0.120206945871193,2.015758402088900,,,,,0.214509174829263,0.000013221472974,
210,val,,,0.161016555347164,118.556786287635248,100.774064755519802,76.754754949493929,,,
211,train,0.119983165532570,2.016192482011156,,,,,0.214003945705019,-0.000445073429821,
211,val,,,0.157795243430215,118.172690958396885,97.884640463834430,76.754754953743912,,,
212,train,0.120885086343524,2.016176966990881,,,,,0.214264684780432,0.000669066319428,
212,val,,,0.159589495304574,116.255728560819705,101.070100932477317,76.754754950619841,,,
213,train,0.121393263718099,2.016026274592511,,,,,0.212260086640106,-0.000131035443444,
213,val,,,0.157029690334709,117.663709576143333,96.660040439341202,76.754754951089254,,,
214,train,0.120763353151222,2.016160668375107,,,,,0.214934612321305,0.000403007282432,
214,val,,,0.154020140688517,118.403497356432695,97.426895392957050,76.754754952740996,,,
215,train,0.120368557425310,2.016284929133596,,,,,0.212798458662736,0.000562259204833,
215,val,,,0.153878753746497,117.760728109727779,98.491691784740269,76.754754941421510,,,
216,train,0.120264476501444,2.016450755184938,,,,,0.212733971245739,0.000424654989331,
216,val,,,0.155213036289968,114.618149104601684,94.709566581085454,76.754754941421510,,,
217,train,0.119082641758965,2.016753851887849,,,,,0.214136996132085,-0.000489777633279,
217,val,,,0.150864130568344,115.871731026720894,95.938791905663692,76.754754941421510,,,
218,train,0.118767499573266,2.016465791412442,,,,,0.216305728388676,-0.000510907317229,
218,val,,,0.152641738429559,114.810506541576274,89.955248281011464,76.754754958667917,,,
219,train,0.119381258603687,2.016923532639853,,,,,0.216697556706696,0.000481341282846,
219,val,,,0.151356440374114,114.185992489737998,91.172381866083782,76.754754950233021,,,
220,train,0.117436673646130,2.016670077925662,,,,,0.214720726628763,0.000004081966757,
220,val,,,0.153960837908529,113.287918176102565,93.435965388221504,76.754754960678071,,,
221,train,0.118964873276937,2.016753508666773,,,,,0.215277623943699,-0.000435394966483,
221,val,,,0.152641372259944,113.367274898903233,90.211667788682391,76.754754941421510,,,
222,train,0.116562793146210,2.017201167861832,,,,,0.214820627592488,0.000245439956485,
222,val,,,0.148967402691757,113.838505179289868,88.631309518542210,76.754754952326039,,,
223,train,0.116208070920821,2.017534432073958,,,,,0.216834687086398,-0.000509756446172,
223,val,,,0.144736270782524,112.808507160780053,85.328759095328934,76.754754941421510,,,
224,train,0.117630449461147,2.017607536822541,,,,,0.217784476452787,-0.000997095860447,
224,val,,,0.148564756615090,113.867311180308789,88.503394581998009,76.754754941421510,,,
225,train,0.116442425581176,2.017235487377192,,,,,0.216136362131936,-0.000880227452891,
225,val,,,0.150130023037455,112.986415624143817,81.991991149462919,76.754754958272486,,,
226,train,0.117107665970127,2.017528959406438,,,,,0.217159392194832,-0.000255021152173,
226,val,,,0.149062785358022,110.458385345894484,80.946242929956270,76.754754941421510,,,
227,train,0.116555706314217,2.017297227212894,,,,,0.216815031726927,-0.000130036843815,
227,val,,,0.148083292734221,110.550910979462330,81.298487336382863,76.754754941421510,,,
228,train,0.116162953657312,2.017839597499509,,,,,0.217672916568964,-0.000363891839159,
228,val,,,0.142145579947089,109.586780393164631,79.730596274675122,76.754754952618995,,,
229,train,0.115231207428704,2.017535295667655,,,,,0.215576731756298,-0.000067891132922,
229,val,,,0.142219592369400,110.720528006999572,85.203163351767316,76.754754941421510,,,
230,train,0.114134471863734,2.017704432426000,,,,,0.215586633859243,-0.000684782941254,
230,val,,,0.143347781782044,111.279507790027068,81.837145787878427,76.754754941421510,,,
231,train,0.115237950590711,2.017839728876044,,,,,0.215659579679740,-0.000503572492326,
231,val,,,0.140041776318533,109.807694274267959,80.600450574002551,76.754754941421510,,,
232,train,0.115321074146236,2.017715143415535,,,,,0.217100059076315,-0.000095599573151,
232,val,,,0.141990076132819,108.501874222269620,77.686084877825621,76.754754953577375,,,
233,train,0.112652250259594,2.017791226174971,,,,,0.218991746116089,0.000965153777657,
233,val,,,0.136596948464017,110.014538443282774,75.847587028813024,76.754754946633412,,,
234,train,0.113693541281640,2.018293454891189,,,,,0.216893266114609,0.000625506693111,
234,val,,,0.134900700382534,107.040724119333234,79.331575396080055,76.754754941421510,,,
235,train,0.111941426514620,2.018616683474689,,,,,0.219363180614293,-0.000336906955500,
235,val,,,0.134148297486067,107.956666658456783,71.959055584040627,76.754754944376884,,,
236,train,0.113497189537200,2.018337853711831,,,,,0.216351402661248,0.000366433162020,
236,val,,,0.134189984999149,106.709167269941943,71.055897927402981,76.754754941421510,,,
237,train,0.113325779318704,2.018167264340563,,,,,0.218897952851180,-0.000508440610118,
237,val,,,0.134174865335460,106.954515987293874,73.108801128347594,76.754754941421510,,,
238,train,0.111333522515699,2.018331332964374,,,,,0.217406810672493,0.000769320418551,
238,val,,,0.134947991636273,107.272179216187695,74.199816731177478,76.754754953215354,,,
239,train,0.112935077948890,2.018887282727038,,,,,0.218233183850128,0.000089037392780,
239,val,,,0.133744569180970,107.802418041861969,70.558961447886247,76.754754941421510,,,
240,train,0.110379261194844,2.018642459134788,,,,,0.217860560138173,0.000791545393820,
240,val,,,0.134976852578464,104.509256547338353,73.689997710696190,76.754754942598808,,,
241,train,0.111645314905080,2.019224468439112,,,,,0.221068178609981,-0.000799747320017,
241,val,,,0.133187836402820,104.790481924536991,71.118074906173788,76.754754958111889,,,
242,train,0.109359468003715,2.019312053659740,,,,,0.218237624903271,0.000693024041134,
242,val,,,0.133305253133211,104.668980565960084,70.247322789345631,76.754754955230339,,,
243,train,0.109348016793096,2.019110001139530,,,,,0.220772592511258,0.000395261032262,
243,val,,,0.133248626515752,103.151155150108394,67.989436818695808,76.754754959323861,,,
244,train,0.110068078378194,2.019178648510914,,,,,0.218488411129159,0.000976031941058,
244,val,,,0.132109049381394,104.294269489807661,63.561162188148437,76.754754941421510,,,
245,train,0.108432387344797,2.019029647726012,,,,,0.218798463038094,0.000052898086238,
245,val,,,0.124799458386617,105.308309038510501,61.569999404701669,76.754754941421510,,,
246,train,0.109806955146025,2.019615581854822,,,,,0.221488138214864,-0.000352829433838,
246,val,,,0.124049478618345,103.774702297993741,66.646317026771328,76.754754952396169,,,
247,train,0.109821094675338,2.019663481383523,,,,,0.222140991099982,-0.000252823496202,
247,val,,,0.129834451912881,102.713205929659665,58.572626439989506,76.754754941421510,,,
248,train,0.107537722397574,2.019245068829687,,,,,0.222281279331155,0.000583696723701,
248,val,,,0.129066363854840,103.148069379415517,58.133069208101780,76.754754960171226,,,
249,train,0.108721905915878,2.019892582706686,,,,,0.221822215484142,-0.000553536642550,
249,val,,,0.125459343852652,101.134718222187956,58.203820965647999,76.754754948961448,,,
250,train,0.106832093088114,2.019837900086858,,,,,0.222657156781277,0.000897414267626,
250,val,,,0.123120102695063,103.472337935783244,62.787435064786209,76.754754941421510,,,
251,train,0.107791694232322,2.020066755832981,,,,,0.222919881435378,-0.000558220663316,
251,val,,,0.123480531721138,102.859880035713218,54.642081587006992,76.754754951235242,,,
252,train,0.106454165119374,2.020201008198011,,,,,0.219909021952929,0.000770655919600,
252,val,,,0.119109249971246,101.674836356489052,57.853129860173141,76.754754956887652,,,
253,train,0.106684738544503,2.019772473811914,,,,,0.220423388583381,-0.000864427728080,
253,val,,,0.119425930746634,99.233703129337925,51.310540271804385,76.754754941421510,,,
254,train,0.107126901660190,2.020371226436046,,,,,0.223151208100414,-0.000013836289773,
254,val,,,0.119409041940688,100.289207095021212,51.102548085237281,76.754754941421510,,,
255,train,0.107146303449646,2.020231155875755,,,,,0.222549383410049,-0.000674700470243,
255,val,,,0.116287055168464,100.879407865719486,51.695707200006062,76.754754941421510,,,
256,train,0.107045695402623,2.019904115755438,,,,,0.220668891502357,-0.000249089213525,
256,val,,,0.120168980196772,99.455422805683156,55.805964881621385,76.754754941421510,,,
257,train,0.105726668365130,2.020383990444161,,,,,0.222107179919749,-0.000938032352167,
257,val,,,0.120794858093759,97.750969047339737,54.666470376080085,76.754754941421510,,,
258,train,0.104037824084196,2.020178886034550,,,,,0.221123907672827,0.000394401295483,
258,val,,,0.118287983069625,99.233867590146545,48.238329200634773,76.754754941421510,,,
259,train,0.104070427553194,2.020156082901615,,,,,0.222838814724106,0.000679722603871,
259,val,,,0.113250512137313,97.572844037412167,48.564197692382777,76.754754941421510,,,
260,train,0.104891647066701,2.020644007672646,,,,,0.221538169390698,-0.000948547585109,
260,val,,,0.112471542222730,96.921943349599800,44.529387379491524,76.754754955172274,,,
261,train,0.103583469701657,2.020587348687387,,,,,0.222883618591796,0.000322086551094,
261,val,,,0.110987748177660,97.352531959423771,44.345410368109349,76.754754956841211,,,
262,train,0.103410170917582,2.020712179075885,,,,,0.222168155756791,-0.000069885485372,
262,val,,,0.111065750311732,96.006468935454976,42.219883554571034,76.754754951510918,,,
263,train,0.103885479474603,2.020541793046958,,,,,0.222677890234840,0.000082899669972,
263,val,,,0.115574337139410,96.668781775809009,45.375164566360695,76.754754955053400,,,
264,train,0.103958162872760,2.020872373990133,,,,,0.223632539584272,0.000733802703172,
264,val,,,0.111064494316494,97.232693198030148,43.643654502712792,76.754754941421510,,,
265,train,0.103848690056760,2.021176025948820,,,,,0.223686636059880,0.000800926141146,
265,val,,,0.112527753748185,96.127088811256613,43.812178405894898,76.754754941421510,,,
266,train,0.103109924565397,2.020874535003981,,,,,0.225803471009055,0.000944348643271,
266,val,,,0.111681659740504,93.852832056940429,41.054398129642415,76.754754960952710,,,
267,train,0.101888963881015,2.021560398147130,,,,,0.224562639190096,0.000668229601677,
267,val,,,0.106774147621102,96.074966370041381,44.199691868421354,76.754754941421510,,,
268,train,0.101419183431567,2.021216626370324,,,,,0.223545979097448,-0.000447607312153,
268,val,,,0.107325961495448,95.530686680084131,42.036555471668329,76.754754946343823,,,
269,train,0.101446785580597,2.021322611323842,,,,,0.224086994582449,-0.000703614589423,
269,val,,,0.107365220957395,94.724726009583890,42.283093594161258,76.754754958418630,,,
270,train,0.101216220844371,2.021182200182381,,,,,0.223761340848366,0.000071268387631,
270,val,,,0.104686310432577,93.136594686908438,36.437639645543335,76.754754941421510,,,
271,train,0.101002503922309,2.021226186307122,,,,,0.223906375151940,-0.000712308904640,
271,val,,,0.105707208837277,93.669689558322403,32.414923277782485,76.754754957004479,,,
272,train,0.099902846408217,2.021460757591915,,,,,0.225975486255364,0.000841686799212,
272,val,,,0.106899628045128,90.984556697726120,38.030679715617737,76.754754941421510,,,
273,train,0.099422521221390,2.021734312393238,,,,,0.225964965950808,-0.000803581290759,
273,val,,,0.105790750916420,90.950141383371289,38.309271161396929,76.754754941421510,,,
274,train,0.100574873331465,2.021663592170773,,,,,0.225035063885305,0.000291115445048,
274,val,,,0.099935185343572,90.790700285866635,35.951911160113916,76.754754951059297,,,
275,train,0.100053000528401,2.022185629973420,,,,,0.226839808292643,0.000030540016007,
275,val,,,0.098820259465318,90.707752241095960,32.161703028625745,76.754754941421510,,,
276,train,0.099963860261974,2.022284317056176,,,,,0.223859249256340,-0.000614485395799,
276,val,,,0.102816205375139,92.058975916700916,28.885401261361746,76.754754941421510,,,
277,train,0.099806125369100,2.022247935181127,,,,,0.225027125992910,0.000647025523630,
277,val,,,0.099528439196598,90.961961042441160,26.739483125068503,76.754754941421510,,,
278,train,0.097972815577370,2.022257897426436,,,,,0.224829296498695,0.000740976363068,
278,val,,,0.099218527287637,89.581952561920517,26.012112372683418,76.754754957201186,,,
279,train,0.098662743233797,2.022416342127833,,,,,0.225446993105985,-0.000226873195891,
279,val,,,0.095231523119777,89.912189760246292,31.823585224769495,76.754754955705963,,,
280,train,0.098044404592542,2.022498186341690,,,,,0.225570798856669,-0.000180989226721,
280,val,,,0.093288500480845,90.193784794420964,29.061970847083938,76.754754941421510,,,
281,train,0.098426859411313,2.022566173648832,,,,,0.227086795202686,-0.000983092207221,
281,val,,,0.094073472461598,89.858579394647435,24.027632569715440,76.754754960102488,,,
282,train,0.097350990378432,2.022494466286124,,,,,0.226375869801911,-0.000302587653088,
282,val,,,0.093166287439321,88.301074752018820,26.150913762990701,76.754754954393945,,,
283,train,0.096338574143947,2.022351965008775,,,,,0.227103777843011,0.000324717399271,
283,val,,,0.096561131055482,87.571247020851075,24.827011762329754,76.754754945783517,,,
284,train,0.095728184095153,2.022446060790756,,,,,0.225500802860439,0.000976741466082,
284,val,,,0.094183059790250,88.792584599767096,20.444338874570452,76.754754949865259,,,
285,train,0.097013042052837,2.022673817232362,,,,,0.226032924852736,0.000530959395583,
285,val,,,0.095162559199927,88.185288115169840,24.022410260351741,76.754754945422846,,,
286,train,0.096038237443747,2.023039849280717,,,,,0.228506112890625,0.000310807356948,
286,val,,,0.094969186717610,85.929021864273167,19.660314125016516,76.754754941421510,,,
287,train,0.093986971544552,2.023149502514222,,,,,0.228096893445551,-0.000620182082571,
287,val,,,0.092095021287571,85.385668243557745,19.588993740963186,76.754754952817393,,,
288,train,0.096030694481076,2.023213241467307,,,,,0.228025730121507,0.000690852305259,
288,val,,,0.092020213774699,87.168630067671089,15.486977378602830,76.754754941421510,,,
289,train,0.093559724741751,2.023004434073113,,,,,0.229417607795590,0.000525846953367,
289,val,,,0.086334743791252,86.087717962319559,15.745509332234489,76.754754941421510,,,
290,train,0.093841485560798,2.023445354198171,,,,,0.227600302932784,0.000576192397233,
290,val,,,0.086508310207565,84.258385099659421,14.320942176204278,76.754754955470062,,,
291,train,0.093816519907147,2.023623589468738,,,,,0.228894020964779,0.000888619740040,
291,val,,,0.083712800172847,85.956314712109261,15.025229222289376,76.754754956121417,,,
292,train,0.093232973168283,2.023302861414563,,,,,0.226963698766653,0.000708493710398,
292,val,,,0.083289430463357,83.218337512200975,13.174009947473774,76.754754944197657,,,
293,train,0.094329158183354,2.023507867426003,,,,,0.228200744786316,0.000431345538958,
293,val,,,0.087049932951776,83.766621668191462,14.010613871853481,76.754754941421510,,,
294,train,0.093244130440032,2.023270403186618,,,,,0.228217070269083,0.000522397010161,
294,val,,,0.081707903686542,84.279965843040614,11.728742692230071,76.754754951964273,,,
295,train,0.091408376061599,2.023801113843529,,,,,0.229844672960254,-0.000193216903465,
295,val,,,0.086596459617611,82.578479734072417,6.782485273810121,76.754754941421510,,,
296,train,0.091848091358349,2.023456989009556,,,,,0.228787312460639,0.000666470662280,
296,val,,,0.080058978910809,83.147454076636805,10.770389520977307,76.754754941421510,,,
297,train,0.092384579186433,2.023785652734338,,,,,0.228201924974446,-0.000232903705366,
297,val,,,0.082049146694723,81.013278579451153,11.395110057566880,76.754754941421510,,,
298,train,0.090942229602911,2.024152781788205,,,,,0.230259449723539,-0.000324336184178,
298,val,,,0.083321016983672,83.382941657426628,6.197696581210068,76.754754957476862,,,
299,train,0.090789112231330,2.023852751722327,,,,,0.231854071111262,0.000836427545899,
299,val,,,0.078893326326689,80.382697783636317,8.429988346262352,76.754754941421510,,,
300,train,0.091474473611190,2.024232737374471,,,,,0.228925391078789,-0.000266822433542,
300,val,,,0.079785985188867,79.321062601299928,8.644559983258072,76.754754941421510,,,
301,train,0.090588606883923,2.023931478375515,,,,,0.232415955652456,0.000323946310472,
301,val,,,0.078903659184409,78.843141878080132,5.973509196434626,76.754754941421510,,,
302,train,0.089825510323640,2.024381895534839,,,,,0.230522548838562,-0.000693759678667,
302,val,,,0.078301969657693,80.479489445997771,127.962804437460804,76.754754947888088,,,
303,train,0.090257478902260,2.024271338981471,,,,,0.231235255661247,-0.000725687467499,
303,val,,,0.078382555061775,78.785070382380155,127.875633945934084,76.754754941421510,,,
304,train,0.088416216477879,2.024242898351209,,,,,0.229795038259648,-0.000600513237732,
304,val,,,0.074169736112521,79.281584427556609,126.943910344582108,76.754754949558986,,,
305,train,0.08913212217804459,2.024617440170712,,,,1.7495814628071256,0.23118821324573624,y_log_z,
305,val,,,0.0741697361125209,78.78507038238016,126.852590453908292,,,y_log_z,
