epoch,split,loss,lb,val_MSE,val_secMAE,val_secRMSE,router_entropy,router_max_share,target_key
1,train,0.35096005341481595,2.01560414286833,,,,1.7526322837386812,0.20739477257879954,y_log_z
1,val,,,0.24321057886106612,103.14823665984098,189.240253932090980,,,y_log_z
2,train,0.24764895607672988,2.035189384978915,,,,1.7312883838774666,0.22306647506498156,y_log_z
2,val,,,0.20282077794194406,87.86564919633884,174.750875153825376,,,y_log_z
3,train,0.20581759849474543,2.0413466017870676,,,,1.726608714177495,0.22692364356702283,y_log_z
3,val,,,0.1786552791347021,79.16271400128552,166.833785811342125,,,y_log_z
4,train,0.17681354914037956,2.0245530158281326,,,,1.736738008639169,0.21675437363603758,y_log_z
4,val,,,0.16985714253895534,74.21800152927196,159.723392050891533,,,y_log_z
5,train,0.16293965812240327,2.0266398614834227,,,,1.7411975122633434,0.21855131654985369,y_log_z
5,val,,,0.17016338703289013,70.10670823079892,151.780260334225744,,,y_log_z
6,train,0.15442134710472255,2.01775927605137,,,,1.7555232118992579,0.21389121296150343,y_log_z
6,val,,,0.16801024217855842,68.68571965623131,148.894865846497453,,,y_log_z
7,train,0.1482724224232019,2.0167939272664843,,,,1.7597072062984345,0.2138363668724658,y_log_z
7,val,,,0.1579940271260679,64.37854793363965,149.670299667146992,,,y_log_z
8,train,0.1429433853528093,2.015563117369773,,,,1.7619202893877786,0.21205991450401526,y_log_z
8,val,,,0.16189288841811567,68.19080852491088,146.520045583045260,,,y_log_z
9,train,0.13870193002124628,2.0140236668170446,,,,1.7643412914541032,0.21141031854564235,y_log_z
9,val,,,0.15168455648726453,62.65739697778321,146.801861951732690,,,y_log_z
10,train,0.13493027437537436,2.016370760069953,,,,1.7599332280575284,0.21422173665274705,y_log_z
10,val,,,0.1546142922686015,61.56053516695188,144.489129641811161,,,y_log_z
11,train,0.13245844613346788,2.014483189298993,,,,1.7576066858711696,0.2111871283323992,y_log_z
11,val,,,0.15295028838975927,63.449910613016435,146.296187577091274,,,y_log_z
12,train,0.13037341812418568,2.0145927539893558,,,,1.7577032456322321,0.21068947664683774,y_log_z
12,val,,,0.15045555032781371,62.807658037803165,146.696998797887744,,,y_log_z
13,train,0.12799746750129593,2.0127251803401918,,,,1.7580281058474192,0.20667589293231095,y_log_z
13,val,,,0.15318693063602443,62.93410370705604,143.846623430090148,,,y_log_z
14,train,0.12562105448413935,2.011180629569387,,,,1.7594133064387336,0.2063749096696339,y_log_z
14,val,,,0.1549986619960908,62.2600086024921,143.717681160768109,,,y_log_z
15,train,0.12499991743751461,2.0123169925950823,,,,1.7579978841637809,0.20704569649838267,y_log_z
15,val,,,0.15394543825483326,63.26504420956148,142.535602154980808,,,y_log_z
16,train,0.12308004081604026,2.0111187199751535,,,,1.7554340499734122,0.20479487222693268,y_log_z
16,val,,,0.14866610459027413,61.628735540185794,142.678537617804693,,,y_log_z
17,train,0.12186063725560431,2.0113171589752983,,,,1.7568802895053985,0.20563271402248315,y_log_z
17,val,,,0.14813649233947032,59.80096725646681,140.501939682285155,,,y_log_z
18,train,0.12127489265468386,2.01208016441928,,,,1.7570409852833975,0.20841459480542984,y_log_z
18,val,,,0.14959405902966702,60.469630610649745,141.041836137871599,,,y_log_z
19,train,0.11932130435866023,2.010038770853527,,,,1.7571228193858313,0.20447568391405402,y_log_z
19,val,,,0.1475534391483893,58.62077448501096,137.981886787800363,,,y_log_z
20,train,0.11808650686390816,2.0095416815981033,,,,1.7598751549209868,0.20346179920884352,y_log_z
20,val,,,0.14563876211951166,60.57012828585132,137.121340456212494,,,y_log_z
21,train,0.11740612603783135,2.0090313028721583,,,,1.7550949584397058,0.2016652480418247,y_log_z
21,val,,,0.14785177613199812,60.07827598946472,136.654069272621314,,,y_log_z
22,train,0.11627229381470926,2.010338608234648,,,,1.7549867779016495,0.20476814397862034,y_log_z
22,val,,,0.14384352094922587,57.7998562423295,135.216086035463690,,,y_log_z
23,train,0.11627035406196401,2.008876479807354,,,,1.7562338700370184,0.20233702875437246,y_log_z
23,val,,,0.14636627518381,59.7347455244057,134.418219412536189,,,y_log_z
24,train,0.11438280531752204,2.0100006210425545,,,,1.7561646858378062,0.20430227700206968,y_log_z
24,val,,,0.14464198998455255,58.359824062331114,133.833783342979643,,,y_log_z
25,train,0.11324791542239605,2.0085385512738,,,,1.7564277263387802,0.2003163606933658,y_log_z
25,val,,,0.14366108742815092,57.07132446838883,133.460498314653620,,,y_log_z
26,train,0.11328972633632403,2.007970436224862,,,,1.7568884487189944,0.1991170302683872,y_log_z
26,val,,,0.14238565192916794,57.44925865277754,136.342094539345510,,,y_log_z
27,train,0.11249773897644547,2.008417083630486,,,,1.7548238675272654,0.20036468512955166,y_log_z
27,val,,,0.14264545328971162,56.46796049113915,134.281841602628617,,,y_log_z
28,train,0.11176415748657688,2.0086121975429476,,,,1.754665756745944,0.2008913340608752,y_log_z
28,val,,,0.14430090767516549,56.71858834128212,132.533324046839567,,,y_log_z
29,train,0.11140268970103491,2.0082762766452062,,,,1.7570059793809103,0.19987345238526663,y_log_z
29,val,,,0.1426728651531137,55.788867067218476,132.056275968946437,,,y_log_z
30,train,0.11021083795894233,2.009378646337797,,,,1.7574312970751809,0.2034389499929689,y_log_z
30,val,,,0.14285141581857086,57.2683870076514,133.462038252553725,,,y_log_z
31,train,0.11019255225324914,2.0081678735358373,,,,1.7540118389186405,0.19940418170558083,y_log_z
31,val,,,0.14298615324000577,56.20360500748624,133.171148831469054,,,y_log_z
32,train,0.109413339638166,2.0077156568803485,,,,1.7540201480899538,0.19824862184505615,y_log_z
32,val,,,0.14163254788297103,55.32412743657206,132.688898030183140,,,y_log_z
33,train,0.1092163837766127,2.008271647587655,,,,1.7569411382788704,0.20069160253282578,y_log_z
33,val,,,0.14200804963051564,55.69822904295189,131.843058200259463,,,y_log_z
34,train,0.10890811451134227,2.0070180568903213,,,,1.7543621089250323,0.1985551773141774,y_log_z
34,val,,,0.14175091351155283,56.13356597466861,130.052989871395084,,,y_log_z
35,train,0.10840579370657603,2.008000212056296,,,,1.7529319505842904,0.19909828392759202,y_log_z
35,val,,,0.14115112542195077,55.490035086419695,130.248500370519054,,,y_log_z
36,train,0.10777836761599968,2.007643936645417,,,,1.754664501973561,0.19865933202561878,y_log_z
36,val,,,0.14212921565435302,57.28466108607202,129.707937828193565,,,y_log_z
37,train,0.10730590198248152,2.008930564872802,,,,1.7567425039079454,0.2013999829216609,y_log_z
37,val,,,0.14375781200203774,57.42916657078242,129.815167303097979,,,y_log_z
38,train,0.1066780121523946,2.007321670178383,,,,1.7539809793233871,0.19782515653660374,y_log_z
38,val,,,0.1439640369551222,57.762570303932144,131.275439112772773,,,y_log_z
39,train,0.1065451694238517,2.0087946241810206,,,,1.7560690762031645,0.20085004445106264,y_log_z
39,val,,,0.1434888505719399,59.44531434125966,131.339492712725701,,,y_log_z
40,train,0.10645347467017552,2.0071968400762197,,,,1.7577836359777148,0.19937020386495288,y_log_z
40,val,,,0.1435121277698968,56.84752202763831,128.247376544137126,,,y_log_z
41,train,0.10629368409337032,2.0077578583880076,,,,1.7533537849547371,0.19893218124551432,y_log_z
41,val,,,0.14141426753270012,56.32711468107295,129.353952686629356,,,y_log_z
42,train,0.10532037520574199,2.007407217744797,,,,1.7550085298125706,0.1982534026342725,y_log_z
42,val,,,0.14133148823560057,54.61297875431857,127.655972294957877,,,y_log_z
43,train,0.10533568234966388,2.006862319651104,,,,1.7533278555151015,0.19868364516231748,y_log_z
43,val,,,0.1432648818785766,57.964548506923954,128.725026608376595,,,y_log_z
44,train,0.10473907948841178,2.0085134167992877,,,,1.7547177433494539,0.19998072862388597,y_log_z
44,val,,,0.14212829945285702,56.71575029084143,127.526568851137569,,,y_log_z
45,train,0.1045491607519724,2.0077597953024364,,,,1.7548739995275224,0.19903124626430255,y_log_z
45,val,,,0.14252951974452627,56.727222349525064,129.012187758893901,,,y_log_z
46,train,0.10424411256930657,2.0063599669744097,,,,1.754685176506875,0.19593669749086812,y_log_z
46,val,,,0.14087771808412164,54.991535596639096,127.994955224681263,,,y_log_z
47,train,0.10353331366139981,2.0063043653018893,,,,1.755675824861678,0.19625023421314028,y_log_z
47,val,,,0.14141218932299104,54.95777621589733,125.896160299125597,,,y_log_z
48,train,0.10375061605332626,2.0072540626639412,,,,1.7546126203877586,0.1980781045461458,y_log_z
48,val,,,0.1416849456056152,56.15635189052993,125.634873082907177,,,y_log_z
49,train,0.10396010097530153,2.0069831645204905,,,,1.754616443363447,0.1974831795881665,y_log_z
49,val,,,0.14256655260288048,56.738149085827985,126.472031971984848,,,y_log_z
50,train,0.10334384217414827,2.0068576241296436,,,,1.755695511897405,0.1971395221198835,y_log_z
50,val,,,0.1407656488038963,55.65434933326365,125.141249837006910,,,y_log_z
51,train,0.10293606597752798,2.0064416300682795,,,,1.7555990701630002,0.1967479424876353,y_log_z
51,val,,,0.14136304887018936,55.88358778539454,127.791992310222241,,,y_log_z
52,train,0.10285707764209263,2.0065446302058203,,,,1.7552930476173523,0.19691814254555437,y_log_z
52,val,,,0.14179492165265842,56.94425691853669,126.820305500501036,,,y_log_z
53,train,0.1026403931457372,2.0067595759081462,,,,1.752645482383077,0.1966424524665825,y_log_z
53,val,,,0.1416177603175874,55.63820522414183,126.974015162728804,,,y_log_z
54,train,0.10234991050813169,2.0069015281541005,,,,1.753669895349987,0.19675379429781248,y_log_z
54,val,,,0.14234416150056278,58.00529091077196,125.879555327492284,,,y_log_z
55,train,0.10205546279423057,2.007101018277426,,,,1.755420659742658,0.19812575378824795,y_log_z
55,val,,,0.14151024661792128,55.49734378629609,126.440592185792013,,,y_log_z
56,train,0.10163915273363865,2.0068034184357475,,,,1.7547176719184905,0.19739744478156643,y_log_z
56,train,0.10120728144806529,2.006967677483483,,,,1.7553740167428578,0.19702917526638697,y_log_z
56,val,,,0.14012439520235237,54.414298463862465,123.878520897491754,,,y_log_z
57,train,0.10090975260864647,2.006144701961487,,,,1.755472362514526,0.1956321085315375,y_log_z
57,val,,,0.14099437302724308,55.115929135266725,123.084446299467984,,,y_log_z
58,train,0.10098535109991355,2.0062657273004927,,,,1.7542500706419113,0.19619083351322583,y_log_z
58,val,,,0.1408672199752339,55.46580587430825,123.921342977240343,,,y_log_z
59,train,0.10079444029797165,2.0060507245953123,,,,1.7556728037103775,0.19536050045419306,y_log_z
59,val,,,0.14187199329028416,55.79691983132171,124.127024547144572,,,y_log_z
60,train,0.1005079964663656,2.006445874533956,,,,1.7549789737141321,0.19716372583357114,y_log_z
60,val,,,0.14146212499252053,54.723963498942624,126.439975257300205,,,y_log_z
61,train,0.1005089557507918,2.006398434676821,,,,1.7545735554562674,0.19622649379547627,y_log_z
61,val,,,0.14106886964572457,55.2399731224767,123.391234637513080,,,y_log_z
62,train,0.1004103273153305,2.006585680776172,,,,1.7533445705970128,0.19682559926831533,y_log_z
62,val,,,0.14096673086278513,56.273562877172516,121.880235918493995,,,y_log_z
63,train,0.10053906492179349,2.006805997992319,,,,1.754009825842721,0.19743975142519626,y_log_z
63,val,,,0.1409844291163532,56.035933941906805,122.047992283739760,,,y_log_z
64,train,0.1001528404830467,2.00702050895918,,,,1.7543297237347042,0.19796579907692613,y_log_z
64,val,,,0.1402205714017835,53.5594982132515,120.832671577182580,,,y_log_z
65,train,0.0996373782732657,2.0064599137930643,,,,1.7550013682671957,0.19663583596665707,y_log_z
65,val,,,0.1393918048866074,52.9801171082059,121.462538374924449,,,y_log_z
66,train,0.09945219931089216,2.0061908591361273,,,,1.7539218479678744,0.19556858266393343,y_log_z
66,val,,,0.1406423805575857,53.91533724912237,120.705596523172986,,,y_log_z
67,train,0.0993351794867998,2.0059266326919434,,,,1.7534228709955064,0.19528089697280573,y_log_z
67,val,,,0.1404889076473047,54.872355055193204,121.529879455217454,,,y_log_z
68,train,0.09934044107499104,2.0053343451212324,,,,1.7551297618756219,0.19448116619790357,y_log_z
68,val,,,0.14109099824866367,55.79412033357784,120.679077394985185,,,y_log_z
69,train,0.09892455409354871,2.005717864348775,,,,1.7550791721968424,0.19530651162541102,y_log_z
69,val,,,0.1408300806228065,55.280506585240474,121.605683963695412,,,y_log_z
70,train,0.09909893253019877,2.0059072124579598,,,,1.7546495885129958,0.19509787130213918,y_log_z
70,val,,,0.1394607176452577,53.934544250033916,120.274108292127892,,,y_log_z
71,train,0.09887866331412205,2.0057544589988767,,,,1.753971092994251,0.1956802780429522,y_log_z
71,val,,,0.1407129778819535,54.192329102479604,121.239198246839393,,,y_log_z
72,train,0.09841619911677545,2.0050798569406783,,,,1.7556530260850514,0.1937845042123208,y_log_z
72,val,,,0.1406794868873766,54.55733795050827,122.398614027990121,,,y_log_z
73,train,0.09852841338290581,2.0052803026305304,,,,1.7555343177583482,0.19454694548178286,y_log_z
73,val,,,0.14102930722744195,57.04067188880592,121.577057771334864,,,y_log_z
74,train,0.09831076382201105,2.005263678611271,,,,1.7550205205168043,0.19444090813871415,y_log_z
74,val,,,0.14161601157531303,56.11808414583442,121.351738203562107,,,y_log_z
75,train,0.09820218657749513,2.0057158917188644,,,,1.7534534588219628,0.19517339103751713,y_log_z
75,val,,,0.14040503537670893,53.14464083978188,120.344081305347814,,,y_log_z
76,train,0.09811655396506899,2.005645103161297,,,,1.7546143888954133,0.19494326480679094,y_log_z
76,val,,,0.13990475353047574,53.32535011455386,120.166615195108065,,,y_log_z
77,train,0.09793230588917458,2.005117711093691,,,,1.7553182513940901,0.19381515037209268,y_log_z
77,val,,,0.13999717812953713,55.84680391476706,121.033451876346916,,,y_log_z
78,train,0.09763526233534019,2.005526012371457,,,,1.755434730223247,0.19417317675810958,y_log_z
78,val,,,0.13833914103420453,52.459586837276326,121.520262472015801,,,y_log_z
79,train,0.09749534249394423,2.0060631405739557,,,,1.7561882779238716,0.19617454255265848,y_log_z
79,val,,,0.13893255797046872,52.427221044064915,118.183101910734919,,,y_log_z
80,train,0.09726933279769524,2.005617211971964,,,,1.7549739236396455,0.1954286110602201,y_log_z
80,val,,,0.1394521961884331,53.70231417467857,119.367131261403898,,,y_log_z
81,train,0.09715287425806599,2.004908609248343,,,,1.7564847563940382,0.19385905572701068,y_log_z
81,val,,,0.13873717270656835,52.4743705275556,117.746762397373544,,,y_log_z
82,train,0.09707064520833748,2.005409364425947,,,,1.756006195431664,0.1943440834681193,y_log_z
82,val,,,0.13871625781080624,52.675477988449785,119.709848188536597,,,y_log_z
83,train,0.09705371139866728,2.005046306857987,,,,1.756116440608388,0.19386066762464388,y_log_z
83,val,,,0.1396547594203468,54.49265279592739,119.844789811445153,,,y_log_z
84,train,0.09679911609384276,2.0049249728520713,,,,1.753958481408301,0.19354091859644368,y_log_z
84,val,,,0.13869786752024388,52.81740495832108,119.048736447804188,,,y_log_z
85,train,0.09631032549909183,2.005084578243513,,,,1.7538119034161643,0.193828042537447,y_log_z
85,val,,,0.1395688466918417,52.580292275050134,119.290688518196291,,,y_log_z
86,train,0.09646215961713876,2.004687919739693,,,,1.7529165886697315,0.19306981705483936,y_log_z
86,val,,,0.1396359614043111,54.837485499374736,120.594826324480607,,,y_log_z
87,train,0.09665698221042043,2.0054521215340446,,,,1.7547635544860174,0.19428344821882626,y_log_z
87,val,,,0.1377750325753142,51.405182589237036,118.460197842089869,,,y_log_z
88,train,0.09649644427681489,2.00481401762319,,,,1.7553582600657902,0.19360211444279504,y_log_z
88,val,,,0.13890477945417287,52.74991513186269,117.500631128886880,,,y_log_z
89,train,0.09591164385219889,2.0048944812918466,,,,1.7550297057817852,0.19265648917782874,y_log_z
89,val,,,0.13963074714370724,53.58880625838373,118.152706988703599,,,y_log_z
90,train,0.09579639334882063,2.00531182024214,,,,1.7552236782179937,0.19452555462836274,y_log_z
90,val,,,0.13880936544803157,53.018601375072464,117.570707225215145,,,y_log_z
91,train,0.09566872862596361,2.004795672165023,,,,1.7548332559683966,0.19308732358354425,y_log_z
91,val,,,0.14070502633263685,56.290389341867765,121.807546432353305,,,y_log_z
92,train,0.09569143738952421,2.0045989666666304,,,,1.7545609594810576,0.19241569619921464,y_log_z
92,val,,,0.13822397910122639,50.83365401659789,115.428556175613110,,,y_log_z
93,train,0.09540107900956793,2.005010670139676,,,,1.7556210233578606,0.19330995710241416,y_log_z
93,val,,,0.1397452992420343,54.05098610336434,118.827787764350319,,,y_log_z
94,train,0.09549231981001204,2.005072598892545,,,,1.7539117712350119,0.19417592214923057,y_log_z
94,val,,,0.13915718046321798,52.650180646884465,119.352828845573740,,,y_log_z
95,train,0.09545650090726596,2.0049469586875706,,,,1.7567052976006554,0.19357099945819567,y_log_z
95,val,,,0.13953814173053958,54.04030821797783,117.749378370520063,,,y_log_z
96,train,0.09532772580398217,2.0047914475675612,,,,1.7553286531141825,0.1932245073987851,y_log_z
96,val,,,0.13851255140280136,52.62350061808124,116.587046367575368,,,y_log_z
97,train,0.09539333919418,2.0050329925521972,,,,1.7563975706459984,0.19340386247587582,y_log_z
97,val,,,0.14011052101233468,53.32674883521279,122.220143733730524,,,y_log_z
98,train,0.09471865805486838,2.0047038400930073,,,,1.7568817498191955,0.19340683570102093,y_log_z
98,val,,,0.13895833771813662,52.02466410829516,117.523299073291085,,,y_log_z
99,train,0.09459461205978952,2.004259903989141,,,,1.754682305313292,0.19142644568568185,y_log_z
99,val,,,0.14002097456905588,53.24717920431396,120.664977592029175,,,y_log_z
100,train,0.09477896376379899,2.0045542544315733,,,,1.754199187433909,0.19190892518039734,y_log_z
100,val,,,0.13808486372230727,51.61208665695987,115.780519114064290,,,y_log_z
101,train,0.09458590698768458,2.0044930068746445,,,,1.7539356391108225,0.19275306590965816,y_log_z
101,val,,,0.13919570173279877,52.41829515648393,120.596639654061121,,,y_log_z
102,train,0.09447643962053079,2.0044716251274894,,,,1.755377738721787,0.19300032451394059,y_log_z
102,val,,,0.13845778254741345,52.00452409358456,116.471056079923770,,,y_log_z
103,train,0.09449578305735948,2.004565384889406,,,,1.7548513499990341,0.19266857641438642,y_log_z
103,val,,,0.13927791420259,52.80467909396184,116.976861167255976,,,y_log_z
104,train,0.09454492070076484,2.004354091627257,,,,1.7554998705311426,0.19160219352869762,y_log_z
104,val,,,0.13924471727255006,52.354085314088984,117.978122593932767,,,y_log_z
105,train,0.09404730582461944,2.004402530571771,,,,1.7558555444554678,0.19245827198028564,y_log_z
105,val,,,0.1397583234592682,54.17803212291228,122.534748343898684,,,y_log_z
106,train,0.09367339709951054,2.0044599220393198,,,,1.7561642049796997,0.19267967789773904,y_log_z
106,val,,,0.13827102558392554,51.15805931538975,117.822993314199763,,,y_log_z
107,train,0.09378844848464406,2.004229443650397,,,,1.7576312541015564,0.19230417416445791,y_log_z
107,val,,,0.13912753059007854,52.89171581098627,118.547641507592559,,,y_log_z
108,train,0.09343977764041887,2.003928318619728,,,,1.75554821415553,0.19130956354950154,y_log_z
108,val,,,0.13826830977256024,50.68499974001907,115.844200439860387,,,y_log_z
109,train,0.09372634223351876,2.0041920133526365,,,,1.7563021767234046,0.19195407191439282,y_log_z
109,val,,,0.13777218629741794,51.352195020752056,116.773808325838374,,,y_log_z
110,train,0.09324277622536534,2.004103138806328,,,,1.754340550256154,0.19176662320064175,y_log_z
110,val,,,0.13901329790312625,52.38915371272303,118.376599630851331,,,y_log_z
111,train,0.09308316328725408,2.0038723579001805,,,,1.7556355231338077,0.19145939635142448,y_log_z
111,val,,,0.13880633034088563,53.17454877357151,119.682609240874370,,,y_log_z
112,train,0.09325477997550652,2.0041822095712027,,,,1.7558920047585926,0.19146345730220515,y_log_z
112,val,,,0.13873366006108703,52.28303939839232,120.171490666588824,,,y_log_z
113,train,0.09323399156952898,2.0044137272569866,,,,1.7551075425885974,0.19291917657450078,y_log_z
113,val,,,0.1375889941996378,49.993132305180055,116.284369605937655,,,y_log_z
114,train,0.09307359297952009,2.003672770327992,,,,1.7541462090753375,0.19013647238413492,y_log_z
114,val,,,0.13784374336024474,50.82219231455891,116.348818669134715,,,y_log_z
115,train,0.09312395402599895,2.0040829529364905,,,,1.7542460376308078,0.1916607084373633,y_log_z
115,val,,,0.13759823980902441,50.976435897084706,117.926621084587140,,,y_log_z
116,train,0.09281866894000107,2.0043238678148816,,,,1.7540322932459058,0.19193151590251734,y_log_z
116,val,,,0.13923261854685465,53.13437904160022,121.542409612893096,,,y_log_z
117,train,0.09291030990610284,2.0042606753016274,,,,1.7555992924977863,0.19254971999261114,y_log_z
117,val,,,0.1384364789798118,53.22235359382562,117.972357388972455,,,y_log_z
118,train,0.0925517216516984,2.0039534937767756,,,,1.754838318815307,0.19128990782395242,y_log_z
118,val,,,0.1384107031996981,50.762310332706875,114.350295152965330,,,y_log_z
119,train,0.09255939217964335,2.0037379986236967,,,,1.7563826548201698,0.19112232206241478,y_log_z
119,val,,,0.1383412891319683,51.25684060855,116.599788813751445,,,y_log_z
120,train,0.0924918385266903,2.003627751791288,,,,1.7557424536300084,0.19102073094201466,y_log_z
120,val,,,0.13821806330539574,50.693094723465514,118.587580956307320,,,y_log_z
121,train,0.09222402978718044,2.0038335011118935,,,,1.7545346513627067,0.19057989898063835,y_log_z
121,val,,,0.13916232653142432,52.67776849474074,121.695651944711202,,,y_log_z
122,train,0.09240990464708634,2.0042729105741257,,,,1.7540464141066112,0.19217020010073033,y_log_z
122,val,,,0.13804836891397762,51.18251906502683,117.097108928563244,,,y_log_z
123,train,0.09201125717825359,2.0036133416588346,,,,1.7554139036034782,0.19007958619604035,y_log_z
123,val,,,0.13900552886005274,53.0852685328005,117.380559486266279,,,y_log_z
124,train,0.09233620600213134,2.0039371765322156,,,,1.7544317482009766,0.1907632267250428,y_log_z
124,val,,,0.13851722836785482,51.0415660443543,117.939973157665719,,,y_log_z
125,train,0.0915923576713318,2.003838600856917,,,,1.7548521790239546,0.1909690365963985,y_log_z
125,val,,,0.1388982774210315,52.201221993329504,119.482512133191776,,,y_log_z
126,train,0.09203687268087551,2.004071608658821,,,,1.7549980691974125,0.1923357198635737,y_log_z
126,val,,,0.13932228191881096,51.69810487212191,117.164755761624107,,,y_log_z
127,train,0.09136559637559075,2.0033979158079815,,,,1.7549016087774247,0.18922758398074951,y_log_z
127,val,,,0.13822052491310075,50.5552026977678,115.693067756135719,,,y_log_z
128,train,0.09164500816000833,2.003424152968422,,,,1.7554203664499617,0.1898081586770122,y_log_z
128,val,,,0.13844380196828082,51.42466140213729,116.135340109101904,,,y_log_z
129,train,0.09139591872337319,2.0037803257268574,,,,1.7535009237508925,0.19085130680884635,y_log_z
129,val,,,0.1376310111964244,50.64446931736194,116.523981626692461,,,y_log_z
130,train,0.09160748462650985,2.004212528230652,,,,1.7560277839028646,0.19226090568635198,y_log_z
130,val,,,0.1377818806860659,51.15706239277308,115.559506745370172,,,y_log_z
131,train,0.09114312269680556,2.003767650988367,,,,1.7555229044149792,0.19106268146563143,y_log_z
131,val,,,0.13783406921939836,50.20463237437897,114.920163256807015,,,y_log_z
132,train,0.09127190246409367,2.0033149605705622,,,,1.7553168755202067,0.18938373061754402,y_log_z
132,val,,,0.13811236885256703,51.71867075220198,117.407261789300506,,,y_log_z
133,train,0.09134451214904113,2.003532583514849,,,,1.7555919556863724,0.1904402614999858,y_log_z
133,val,,,0.13870072597978536,51.29606126067352,117.181967052282744,,,y_log_z
134,train,0.09094548859589156,2.003483889121858,,,,1.7550401127054578,0.19008873624815828,y_log_z
134,val,,,0.13852720000895452,51.77493424789453,117.354613212696151,,,y_log_z
135,train,0.09084648009212244,2.0042840556965933,,,,1.7558659021816556,0.1925668346858214,y_log_z
135,val,,,0.13828867294602162,51.77292182868985,117.630554298063160,,,y_log_z
136,train,0.09091490204076445,2.003401191461654,,,,1.7557797176497323,0.1893715944200281,y_log_z
136,val,,,0.1378823539304241,50.86689042624625,116.473812356937827,,,y_log_z
137,train,0.09086199591882409,2.003732631130824,,,,1.7543101665519534,0.19133347269916345,y_log_z
137,val,,,0.1381096035318956,51.07911505933893,118.611904119969068,,,y_log_z
138,train,0.09062743373215199,2.003463239896865,,,,1.7560913458703056,0.18981371323267618,y_log_z
138,val,,,0.13896322043650794,51.87340715431246,119.569373196795098,,,y_log_z
139,train,0.09075531769277793,2.003761513602166,,,,1.7551227365694348,0.19046146718282547,y_log_z
139,val,,,0.13770112704080475,50.57092240712051,117.242571184641577,,,y_log_z
140,train,0.09058899027369326,2.003421106035747,,,,1.7541739408458983,0.18966621949913956,y_log_z
140,val,,,0.13854024336184032,51.237747416532805,117.460016870802292,,,y_log_z
141,train,0.08996771053514546,2.0034402580488297,,,,1.7547713910776472,0.18942355151687348,y_log_z
141,val,,,0.13924357063265388,51.89361738953416,120.674519964557319,,,y_log_z
142,train,0.09084946683622779,2.0033762232651786,,,,1.7547758659200063,0.18939828647980614,y_log_z
142,val,,,0.13711290314394614,50.471372908332555,115.645288297721848,,,y_log_z
143,train,0.08987746357415168,2.003333406079383,,,,1.7536834010056086,0.18931050039827824,y_log_z
143,val,,,0.1372721596784574,49.78379767594442,114.770380483354074,,,y_log_z
144,train,0.08999088345213778,2.0034104072385364,,,,1.7525673274483,0.18889734784643802,y_log_z
144,val,,,0.13730910991539563,50.1623676487038,114.171731987965686,,,y_log_z
145,train,0.09026312099267093,2.0032945977790013,,,,1.7530146073254327,0.18902903446365918,y_log_z
145,val,,,0.13981920592922015,52.97639201372953,120.014724737824380,,,y_log_z
146,train,0.09021493257392967,2.003770815947699,,,,1.7529545461847669,0.19070168492931222,y_log_z
146,val,,,0.1395262081606038,53.25106739929918,123.316083975564354,,,y_log_z
147,train,0.090050608281874,2.0039025954310854,,,,1.7526640362209744,0.19064212404191494,y_log_z
147,val,,,0.1373368729790405,49.772525622768335,114.324172819831816,,,y_log_z
148,train,0.08972000222032268,2.003810938861635,,,,1.753040155484563,0.19039310491274272,y_log_z
148,val,,,0.13750511752765,49.90014036800671,114.468526585675434,,,y_log_z
149,train,0.08960108668173826,2.003578358226352,,,,1.753243066252224,0.18963437787597143,y_log_z
149,val,,,0.13810621818141625,51.30240011273941,117.651807829011375,,,y_log_z
150,train,0.08957178020731561,2.0036121171618264,,,,1.7540506391771256,0.19012354370502252,y_log_z
150,val,,,0.13768305313138593,50.171792683876795,113.800269005016119,,,y_log_z
151,train,0.08954142570673,2.0035413733077427,,,,1.7519269268664102,0.18940308453544738,y_log_z
151,val,,,0.13969659656258301,53.16745511968385,121.067600411032970,,,y_log_z
152,train,0.08937873927846787,2.0034671014263514,,,,1.7528892145270394,0.18996292012669738,y_log_z
152,val,,,0.13762580610497416,49.95552395322201,114.343822078199977,,,y_log_z
153,train,0.0893117067891927,2.003292577607291,,,,1.7524500898425541,0.18904895710921477,y_log_z
153,val,,,0.13690166569969056,49.70898817303896,114.582818306036543,,,y_log_z
154,train,0.08914963733996191,2.0035639937434877,,,,1.7516047233153904,0.19004460172875534,y_log_z
154,val,,,0.13824371764997034,50.78475057190865,118.154321735850004,,,y_log_z
155,train,0.08919898645272331,2.003245219115227,,,,1.7524993064857664,0.1887375625471274,y_log_z
155,val,,,0.13793722435720457,50.83409349741233,115.585762092421632,,,y_log_z
156,train,0.08937399743479632,2.0034692093493445,,,,1.753351085242771,0.1899616655612749,y_log_z
156,val,,,0.13802144731038832,51.338459039845596,114.930471449774188,,,y_log_z
157,train,0.08918776605573911,2.0029392386712725,,,,1.7533310812617104,0.18806657943105887,y_log_z
157,val,,,0.13790552673218628,50.34929071803229,117.768578295674970,,,y_log_z
158,train,0.0890739343040401,2.003436272343,,,,1.7518539949068948,0.18943582699885445,y_log_z
158,val,,,0.13854477920751632,51.14217379390297,116.898717341550011,,,y_log_z
159,train,0.0891170960939711,2.0033754604676415,,,,1.7544330867036941,0.1887672860766687,y_log_z
159,val,,,0.13746442503648448,50.18235381064982,114.343727512583285,,,y_log_z
160,train,0.08872117455457411,2.0029614723864055,,,,1.7548366134601927,0.18790133093439398,y_log_z
160,val,,,0.13898195968856572,52.808408784532716,121.738964613932609,,,y_log_z
161,train,0.08881121396367984,2.003447178337309,,,,1.7539459455107886,0.1897850190067575,y_log_z
161,val,,,0.13808482048630508,50.20131986183583,115.226660902549654,,,y_log_z
162,train,0.08897776635629791,2.0034997912626418,,,,1.7526150953675073,0.18936361366557697,y_log_z
162,val,,,0.13754300751610526,49.59956049784529,114.423594615427248,,,y_log_z
163,train,0.08886442747380999,2.0030729971707815,,,,1.7532680003889023,0.1886487945855137,y_log_z
163,val,,,0.1379279121408599,50.77183241099393,116.874443832817846,,,y_log_z
164,train,0.08901941907843428,2.003477215293854,,,,1.752647040855317,0.1894127522846536,y_log_z
164,val,,,0.13789898545446888,50.368830552640894,116.044788865606890,,,y_log_z
165,train,0.0884856832923279,2.0032689313566876,,,,1.7543401774905978,0.18858240636449958,y_log_z
165,val,,,0.1372137728181608,49.348792991508255,114.195810818700750,,,y_log_z
166,train,0.08853692310817894,2.0028569071538866,,,,1.7546893542721158,0.1873127319628284,y_log_z
166,val,,,0.1376756553765877,50.73625940139421,115.654495424769408,,,y_log_z
167,train,0.08811900079516428,2.003358305210159,,,,1.7538612981637318,0.18905876195501714,y_log_z
167,val,,,0.13662112953570824,48.99928989413914,112.952383046835152,,,y_log_z
168,train,0.08840747990660251,2.0030092634851973,,,,1.7544332437572026,0.18815378463339238,y_log_z
168,val,,,0.138083417045457,50.96244363232234,114.242546212698485,,,y_log_z
169,train,0.08813826629655465,2.003279224038124,,,,1.7541099838794223,0.18872716044267965,y_log_z
169,val,,,0.14010314116474404,52.38599704852426,118.632812436663926,,,y_log_z
170,train,0.08806028566692793,2.0032796145431577,,,,1.7535785377498656,0.18877611817821624,y_log_z
170,val,,,0.13831328887637215,51.329551603220764,118.885632326777966,,,y_log_z
171,train,0.08822016864423714,2.002992878830622,,,,1.7536245239159418,0.18802147240392744,y_log_z
171,val,,,0.13810023863088433,50.413220752891924,114.154123600476083,,,y_log_z
172,train,0.08805980081004756,2.0031359855617796,,,,1.7523344282119993,0.18867298023449997,y_log_z
172,val,,,0.1378866624549825,50.585791573117504,118.859891589557805,,,y_log_z
173,train,0.08771147174642437,2.0031468771279806,,,,1.7542841628430381,0.18857537419904793,y_log_z
173,val,,,0.13772666789095236,50.337861381334584,117.443902408104890,,,y_log_z
174,train,0.08811923252448203,2.003071849308317,,,,1.752220135359537,0.1888481376190034,y_log_z
174,val,,,0.13770779671787536,49.78709022387135,115.125927950339360,,,y_log_z
175,train,0.08759716070360607,2.0030982837317484,,,,1.7532425955647515,0.18824313622381952,y_log_z
175,val,,,0.13800537416208372,51.10792904503442,115.118569819914327,,,y_log_z
176,train,0.08782697332993386,2.0031540048500847,,,,1.7524180920824173,0.1886435313416379,y_log_z
176,val,,,0.13791031231487824,49.64785579378171,114.442916664650923,,,y_log_z
177,train,0.08757120278471756,2.0029843676657904,,,,1.7521947217839104,0.18784577683323905,y_log_z
177,val,,,0.13704102762186032,50.194346876152025,114.191680256490059,,,y_log_z
178,train,0.08724451973472559,2.002824089829884,,,,1.7531478177933466,0.18712149950720014,y_log_z
178,val,,,0.13720295200735916,49.78559463073234,114.444161043046648,,,y_log_z
179,train,0.0871908194533298,2.0029728247059717,,,,1.7533348299681195,0.1880542922705885,y_log_z
179,val,,,0.13712966874073976,49.40177245686345,113.576803928235265,,,y_log_z
180,train,0.08717205115993108,2.0029642607957596,,,,1.7537699907072006,0.18780728911478367,y_log_z
180,val,,,0.1387050102412028,51.3568273910746,117.673794322678191,,,y_log_z
181,train,0.08691987543854685,2.003398741285006,,,,1.7525425969608246,0.18912675290826766,y_log_z
181,val,,,0.13772552642547098,49.749199910509844,113.809411192073384,,,y_log_z
182,train,0.08758522622612497,2.003154092364841,,,,1.7501340922382143,0.18784045034812558,y_log_z
182,val,,,0.13908238119980706,51.53250350364905,120.547584839423578,,,y_log_z
183,train,0.08743454529977744,2.0027390995195935,,,,1.7514240202449618,0.1871974179077716,y_log_z
183,val,,,0.13746134492846832,49.63388091913481,114.812660051607963,,,y_log_z
184,train,0.08701489400857734,2.0028090666210843,,,,1.7502844222481289,0.1870867751893543,y_log_z
184,val,,,0.1384005738981821,51.12807531323777,118.131253546087166,,,y_log_z
185,train,0.08696207626619273,2.0030951507034755,,,,1.7515881210565567,0.18796270926083838,y_log_z
185,val,,,0.13609987257565037,48.639867624118395,110.873222425348629,,,y_log_z
186,train,0.08699308121429077,2.0031070822761174,,,,1.7505049204069472,0.18836897499268018,y_log_z
186,val,,,0.13702798150320564,48.920642615281764,111.433418731235832,,,y_log_z
187,train,0.08642208752858024,2.002765507688598,,,,1.7499604182583945,0.1869699829627597,y_log_z
187,val,,,0.14026464852183987,52.50423094264861,123.122916055462696,,,y_log_z
188,train,0.0868343985713427,2.0031290309769765,,,,1.749895335899459,0.18800757878593036,y_log_z
188,val,,,0.13825846603468972,51.550804210631384,121.620827709477680,,,y_log_z
189,train,0.08704739844515211,2.0031685036799263,,,,1.749980275120054,0.18812103427591778,y_log_z
189,val,,,0.13867676286034622,51.40750967777716,117.031206627306631,,,y_log_z
190,train,0.08641352853368199,2.0030247677886295,,,,1.7517166395509054,0.1880574073524229,y_log_z
190,val,,,0.1376721668176512,51.053988244167314,116.996879936153064,,,y_log_z
191,train,0.08650889164871639,2.0031596985128193,,,,1.7496242525558623,0.18777703035563703,y_log_z
191,val,,,0.13838329250739823,51.795187452014375,121.691525939931708,,,y_log_z
192,train,0.08626472989895514,2.0028759550953668,,,,1.7519572358282784,0.18748427448528154,y_log_z
192,val,,,0.13758311416449814,49.94979982306482,113.709119628888203,,,y_log_z
193,train,0.08634011897568901,2.0030578020073118,,,,1.7520343481548248,0.18799678511208012,y_log_z
193,val,,,0.13815872417469544,50.973379815222046,119.896932482603418,,,y_log_z
194,train,0.08656335780988374,2.002937368220753,,,,1.7494356189928357,0.18706923531043151,y_log_z
194,val,,,0.13671855392314058,49.06553723364239,112.804244630521865,,,y_log_z
195,train,0.08625905920884439,2.0029034583814562,,,,1.750821071957785,0.18681681301030847,y_log_z
195,val,,,0.13821584353038063,50.68126172850656,114.247505769803638,,,y_log_z
196,train,0.08648585276086888,2.002526577976015,,,,1.7504231425977888,0.18626420078651298,y_log_z
196,val,,,0.13707759674758663,49.25955119408722,111.065598519355589,,,y_log_z
197,train,0.08604732295498252,2.002812799953279,,,,1.7515875512645358,0.18718146875737204,y_log_z
197,val,,,0.1376325264175264,50.12310126226533,114.328886370668926,,,y_log_z
198,train,0.08661583941873341,2.003012076256767,,,,1.751305968042404,0.1874123401939869,y_log_z
198,val,,,0.1368188988519221,49.01958151339043,110.993041017813695,,,y_log_z
199,train,0.08560193996758216,2.002726047048493,,,,1.7509635164151116,0.18649753736006836,y_log_z
199,val,,,0.1382463959649174,50.749408969318296,114.727445024374930,,,y_log_z
200,train,0.08589469815146118,2.0028688824839063,,,,1.7506665530658903,0.1877136921421403,y_log_z
200,val,,,0.13848917236332053,51.359877706214306,117.086111977442471,,,y_log_z
201,train,0.08600581514959534,2.00272984211407,,,,1.7505958971996156,0.18693973561601032,y_log_z
201,val,,,0.13848134325842557,51.280498454773976,115.076155975528266,,,y_log_z
202,train,0.08564859812724449,2.0026355567905636,,,,1.7506767040680324,0.1863585767587499,y_log_z
202,val,,,0.1392474066194733,52.23144179664643,121.052333577880674,,,y_log_z
203,train,0.08575387878550424,2.0029099950241664,,,,1.7516748557488124,0.18751520722631423,y_log_z
203,val,,,0.13689914909563614,49.758832168081696,112.406990578355035,,,y_log_z
204,train,0.08557515829387638,2.0026983869454216,,,,1.751529532529059,0.18668149127846673,y_log_z
204,val,,,0.13771883964369938,51.12223932655639,114.326506318981629,,,y_log_z
205,train,0.0855268315737328,2.0026159049972656,,,,1.7498656582264673,0.18599826351754248,y_log_z
205,val,,,0.13781025781477801,50.11104113187832,114.539331772801589,,,y_log_z
206,train,0.08537865759775279,2.002767758236991,,,,1.7496675550937653,0.1864964124110956,y_log_z
206,val,,,0.13739786699250267,49.91900071122358,113.803915884226114,,,y_log_z
207,train,0.0852241670224993,2.00273592746447,,,,1.7504195355706744,0.18674621334861194,y_log_z
207,val,,,0.1379263963306873,50.105262177068454,114.746733886519308,,,y_log_z
208,train,0.08548243396309396,2.0025959447735833,,,,1.7506326787055484,0.18676784670069105,y_log_z
208,val,,,0.137721137698664,50.13482953866767,113.716669779912024,,,y_log_z
209,train,0.08516386721933646,2.002629296174125,,,,1.7510330107003924,0.18596616286843543,y_log_z
209,val,,,0.1387052214364514,52.27189654247344,121.086247308542553,,,y_log_z
210,train,0.08532974571137437,2.0027672515975103,,,,1.7495257911228,0.18702475765039997,y_log_z
210,val,,,0.1381459455316406,51.29959002598885,117.609732782459361,,,y_log_z
211,train,0.08485353671546493,2.002799161133312,,,,1.7479543936631037,0.18649562087560456,y_log_z
211,val,,,0.1385547710411056,51.77673675556179,118.091338887887304,,,y_log_z
212,train,0.08506380054094488,2.002712953658331,,,,1.7498293507193763,0.1865737077794851,y_log_z
212,val,,,0.13981845553857788,52.16533109042628,122.287271933107689,,,y_log_z
213,train,0.08503564206942443,2.0027962556434056,,,,1.7486056671256112,0.18654035076144196,y_log_z
213,val,,,0.13727798230178137,49.69879882860119,111.794356104618416,,,y_log_z
214,train,0.08474451104652077,2.0026898291848956,,,,1.7495377849018763,0.18625192731500617,y_log_z
214,val,,,0.13862699467941988,51.50470594310787,122.393486757553362,,,y_log_z
215,train,0.08485434463779841,2.002525719858351,,,,1.7482664769604093,0.18583912171778225,y_log_z
215,val,,,0.1369008518815892,49.02304139019788,111.637300660896031,,,y_log_z
216,train,0.08496200086341964,2.0026152304240634,,,,1.7501050941054783,0.18606762851159725,y_log_z
216,val,,,0.1371708795660729,49.802718370679344,115.586843598989120,,,y_log_z
217,train,0.0844867878948294,2.00259454217222,,,,1.7499260434082575,0.18597855640663988,y_log_z
217,val,,,0.13770715160792896,50.53135561890437,114.758304982974593,,,y_log_z
218,train,0.08478418430165639,2.0028260842202203,,,,1.7485745721866215,0.18708423096390944,y_log_z
218,val,,,0.13959642946422635,53.19352119288808,126.235598167365140,,,y_log_z
219,train,0.0845400711137151,2.0024010915131796,,,,1.7495473370192542,0.18526856737240913,y_log_z
219,val,,,0.13778563533598165,50.95544659386152,113.053789764020649,,,y_log_z
220,train,0.08468466762837673,2.0023306097303117,,,,1.7498244219829167,0.18488854536461452,y_log_z
220,val,,,0.13785415750817984,50.803823613684564,115.621154463490967,,,y_log_z
221,train,0.08442005406444271,2.0028278697577733,,,,1.7480244418931385,0.1862137851024431,y_log_z
221,val,,,0.1379500291088525,50.436834685337615,115.523515011110405,,,y_log_z
222,train,0.08454487214071883,2.0027957754948784,,,,1.7479257044338046,0.18632848968818075,y_log_z
222,val,,,0.13694779992411338,49.75354060563785,112.353958629672746,,,y_log_z
223,train,0.08443611895015078,2.0027874930510445,,,,1.7488255174387068,0.18633744877482217,y_log_z
223,val,,,0.13884818940264634,51.89972221511664,121.234510286935162,,,y_log_z
224,train,0.08424410486357316,2.0026964143155115,,,,1.749305235251548,0.18636716305026932,y_log_z
224,val,,,0.13771917583690685,50.37528053680818,113.832566467180712,,,y_log_z
225,train,0.08456494600792962,2.002779026116644,,,,1.749104796894013,0.18647369186556528,y_log_z
225,val,,,0.13721336400095166,50.36801421191787,117.111112216043722,,,y_log_z
226,train,0.08422156718988268,2.002692712914376,,,,1.7481931343911186,0.1859884082324921,y_log_z
226,val,,,0.1378385885913289,51.43802536878738,116.268237002328448,,,y_log_z
227,train,0.08396944744394176,2.0027726311532277,,,,1.74938279461293,0.1867291715350889,y_log_z
227,val,,,0.13784959812773223,50.77353115821215,112.948452688525592,,,y_log_z
228,train,0.08387813588515633,2.002309213318522,,,,1.7488540931353493,0.18455475772775354,y_log_z
228,val,,,0.13831794736672187,51.86649295445872,117.915271941760992,,,y_log_z
229,train,0.08403274872236782,2.0027106037688633,,,,1.7482028369392668,0.18623531325941994,y_log_z
229,val,,,0.13849590422228447,52.162981525819994,115.696550246936098,,,y_log_z
230,train,0.0836737082665047,2.0027648643368767,,,,1.7475049647073897,0.18598829957819174,y_log_z
230,val,,,0.13844892996822303,51.47280497095875,113.547346104608067,,,y_log_z
231,train,0.0840929906874422,2.0026956023204896,,,,1.7466275041538573,0.18613111718542993,y_log_z
231,val,,,0.1377348612623609,50.76765196982967,116.785513540744347,,,y_log_z
232,train,0.0838049243145164,2.002622110739587,,,,1.7476972015131087,0.18575049484414713,y_log_z
232,val,,,0.13788740589984624,49.659019222779044,112.831045598782538,,,y_log_z
233,train,0.08382236287884769,2.0025880909155287,,,,1.7489337743747801,0.1854457694682337,y_log_z
233,val,,,0.13744188165610907,49.74833354008116,115.162687140266385,,,y_log_z
234,train,0.08324411997778548,2.002455028513121,,,,1.7483213439820304,0.18582026329305437,y_log_z
234,val,,,0.13666221411680946,48.9319852906422,112.790399462003720,,,y_log_z
235,train,0.0837120590805416,2.0024466192911543,,,,1.74720332263008,0.18494839505070731,y_log_z
235,val,,,0.13828085983513877,51.120592088753455,117.215650922524290,,,y_log_z
236,train,0.08353097016169202,2.0026262750228248,,,,1.7472351557678647,0.1858014583824173,y_log_z
236,val,,,0.13807561545449673,50.45523301700046,114.292643431422988,,,y_log_z
237,train,0.08373450793858085,2.0025369044807224,,,,1.7480680992205937,0.1862315699339859,y_log_z
237,val,,,0.13750385426254996,49.76353319807741,114.015194961747767,,,y_log_z
238,train,0.08357553644519713,2.0025622085446404,,,,1.7480211953322093,0.18557821968126864,y_log_z
238,val,,,0.13841474456408473,50.62153840582991,116.493928209650107,,,y_log_z
239,train,0.08295500755960507,2.002826743892261,,,,1.746399283645645,0.18655773361642208,y_log_z
239,val,,,0.1375618579127756,51.19634520769211,116.597517600573028,,,y_log_z
240,train,0.08347337947241844,2.002538382770523,,,,1.7475275309785965,0.1857960507983253,y_log_z
240,val,,,0.137738262709376,51.16162489663902,118.857117722140245,,,y_log_z
241,train,0.08310960902137653,2.0025987563625214,,,,1.7474746642604706,0.18556307339006,y_log_z
241,val,,,0.13786961158847358,49.96620902816312,115.059225224111842,,,y_log_z
242,train,0.08289444538956833,2.0025072646519493,,,,1.7464660609525346,0.18528895703927864,y_log_z
242,val,,,0.13768796151158588,49.8668606706789,114.930423240805382,,,y_log_z
243,train,0.08276381776742046,2.0024425964506847,,,,1.748221038589402,0.18562170135832967,y_log_z
243,val,,,0.1377896362187481,50.952205418666324,120.212471929553445,,,y_log_z
244,train,0.0832036569611066,2.002537657107626,,,,1.7467174605717735,0.1852144512037436,y_log_z
244,val,,,0.13829625587600336,51.207303838439444,118.354658519124087,,,y_log_z
245,train,0.08312368792082582,2.0024835386919597,,,,1.7480691122630285,0.1855599387652344,y_log_z
245,val,,,0.13794874881635252,49.98316384400032,112.596373301561883,,,y_log_z
246,train,0.0825990076649875,2.002625058567713,,,,1.7476829179222622,0.1857455705129911,y_log_z
246,val,,,0.13643131917846962,48.29395738694821,111.003876039412887,,,y_log_z
247,train,0.08280726245027922,2.0023168599794783,,,,1.7485491796618415,0.18509646360245016,y_log_z
247,val,,,0.1382312296741966,49.6367283323985,113.173519994520390,,,y_log_z
248,train,0.08237160414841677,2.0024831775161953,,,,1.7471888079529716,0.18551399203993024,y_log_z
248,val,,,0.1401268143567071,54.37528083222101,127.795787080891472,,,y_log_z
249,train,0.08263199448969866,2.002462740691881,,,,1.747722113179782,0.18552683086858857,y_log_z
249,val,,,0.1389680200369137,52.581527012048134,123.012319856710377,,,y_log_z
250,train,0.08247960780909847,2.002313560673169,,,,1.747889760940794,0.1848916695527141,y_log_z
250,val,,,0.13738920982891487,48.76449033167252,110.954747661017635,,,y_log_z
251,train,0.08253071235404127,2.00253066491513,,,,1.746702420806128,0.18563164673036053,y_log_z
251,val,,,0.13700283500748675,49.600397580958,114.014210032562815,,,y_log_z
252,train,0.08292516170897418,2.0024271233687325,,,,1.7463015135791566,0.1846988663550407,y_log_z
252,val,,,0.1374363880093645,50.42477572293357,112.543961190456685,,,y_log_z
253,train,0.08230258175541484,2.002282870430795,,,,1.7462522250319283,0.18470637379066338,y_log_z
253,val,,,0.13736428715926377,48.93570037944199,110.821095396265520,,,y_log_z
254,train,0.08220682550399076,2.002546660010777,,,,1.7479923890223579,0.18590976150026398,y_log_z
254,val,,,0.13657794993162695,48.492718975014625,111.295355480375690,,,y_log_z
255,train,0.08199762397756179,2.002386272190109,,,,1.7469523078392422,0.18523692233221872,y_log_z
255,val,,,0.13712321909240507,49.400396868792626,112.992338821481368,,,y_log_z
256,train,0.08240178194163102,2.002488115950236,,,,1.7462860904042683,0.18549363794071333,y_log_z
256,val,,,0.13785819889574466,50.07741685665033,114.021449390101722,,,y_log_z
257,train,0.0817900975604379,2.0022523370054035,,,,1.747022737586309,0.1850529634467666,y_log_z
257,val,,,0.13821517768588806,49.405325876363406,113.839825790096626,,,y_log_z
258,train,0.0824286028195823,2.002078712223068,,,,1.747473989214216,0.18431621630276954,y_log_z
258,val,,,0.1383325676381778,50.82495777324942,117.031602941768256,,,y_log_z
259,train,0.08184016505551953,2.002423235584819,,,,1.7450499387960585,0.18505430008683885,y_log_z
259,val,,,0.1373512100446799,48.737976467294175,112.330955090453415,,,y_log_z
260,train,0.08225436765138829,2.00230860189786,,,,1.7481375076468029,0.18488503554983746,y_log_z
260,val,,,0.13713963349744646,49.65911306220712,114.038339312266416,,,y_log_z
261,train,0.08200549964778243,2.0023832515118616,,,,1.7467438808036229,0.18463890751202902,y_log_z
261,val,,,0.13862648309854855,50.85145854819399,118.795732374594039,,,y_log_z
262,train,0.0815328384513065,2.0023618872676576,,,,1.7472687867425738,0.1848078536254073,y_log_z
262,val,,,0.1364191109851828,47.84339331943307,110.485917014806020,,,y_log_z
263,train,0.08168133652754246,2.0022711909952617,,,,1.7476527494570566,0.18463058284823858,y_log_z
263,val,,,0.13943045364177425,53.1724887391099,123.144942287716432,,,y_log_z
264,train,0.08163145016731015,2.002476058072514,,,,1.7456346778642564,0.18545731606464538,y_log_z
264,val,,,0.13664729696281117,48.0900273093904,110.390016645501774,,,y_log_z
265,train,0.08145800865595303,2.002326814664735,,,,1.74674682792217,0.18434335433301471,y_log_z
265,val,,,0.13752779215979682,50.36511960932082,117.655931567816367,,,y_log_z
266,train,0.08166785591414996,2.0023168448417907,,,,1.7467264937502998,0.1851890046031229,y_log_z
266,val,,,0.13694835402432481,48.011588576998626,111.131170150741568,,,y_log_z
267,train,0.08127582731789776,2.0021998499120985,,,,1.747378809821038,0.18439278036119447,y_log_z
267,val,,,0.13856842287940266,51.481411269478414,119.340063841366813,,,y_log_z
268,train,0.08126895273813889,2.002044921120008,,,,1.7471046168652793,0.18379028307067025,y_log_z
268,val,,,0.13730223579648373,49.24275792233008,112.420580792903664,,,y_log_z
269,train,0.08169387915866479,2.0023216789677027,,,,1.7458490263375024,0.18463690451804607,y_log_z
269,val,,,0.1367537614596779,48.731083736016586,112.508518970699384,,,y_log_z
270,train,0.08135238184135347,2.0023739288250604,,,,1.7463701239653997,0.18460159331914924,y_log_z
270,val,,,0.13806705817180032,50.61389399396549,116.807142895327871,,,y_log_z
271,train,0.08141110695543743,2.0024464903842834,,,,1.7467921224851457,0.18489694494813208,y_log_z
271,val,,,0.1366585034762921,48.77667023432477,111.798218772881185,,,y_log_z
272,train,0.0812106806090072,2.0021488858120784,,,,1.7468974762965763,0.1839083225895015,y_log_z
272,val,,,0.1366554158264038,48.19753214689451,111.517155764388022,,,y_log_z
273,train,0.08084816728822058,2.002333762626799,,,,1.7472476500367362,0.18473061449116185,y_log_z
273,val,,,0.13730861749879889,48.91854851839832,111.336959095110103,,,y_log_z
274,train,0.08137831381625599,2.00222256566797,,,,1.7468623944691248,0.18441349421701733,y_log_z
274,val,,,0.13697212838813766,49.41071444400265,112.880208498465535,,,y_log_z
275,train,0.08107779843230097,2.002242967722908,,,,1.7471086444362762,0.18440446482291298,y_log_z
275,val,,,0.1379624656136019,49.62803711106811,115.426319591952847,,,y_log_z
276,train,0.0811307812479162,2.0023413423507934,,,,1.7460204410174536,0.1846326267317174,y_log_z
276,val,,,0.13710818082809068,47.955192278689616,111.007152407458321,,,y_log_z
277,train,0.08093883029909597,2.0021818758003294,,,,1.7459559923126584,0.18406275435099526,y_log_z
277,val,,,0.13721896602877437,47.98173839818057,110.928773897164660,,,y_log_z
278,train,0.08091010618954897,2.002283254076564,,,,1.7471325558329385,0.18458072592814764,y_log_z
278,val,,,0.13720591649001104,48.255849609181,111.027737589882761,,,y_log_z
279,train,0.08081332182452555,2.0022560265802203,,,,1.7467094908157985,0.18425735866739637,y_log_z
279,val,,,0.13699813311900016,49.18925074384421,114.256187243068780,,,y_log_z
280,train,0.08088572322583151,2.0024167251965355,,,,1.7465174306952764,0.18533340723268568,y_log_z
280,val,,,0.13843508002260088,51.321403708250386,119.844482424160105,,,y_log_z
281,train,0.08056513962912418,2.0023878233300314,,,,1.7458204258055914,0.18487287664579022,y_log_z
281,val,,,0.1372510239969303,48.5533387482005,113.063363892758275,,,y_log_z
282,train,0.0808991874745559,2.00211257357446,,,,1.7464719980009018,0.18408595962775132,y_log_z
282,val,,,0.1378090530935417,50.58315088093269,118.651280347838494,,,y_log_z
283,train,0.08069453714415431,2.002171538178883,,,,1.7463450462572159,0.1842184558155991,y_log_z
283,val,,,0.1377465144705685,50.27708168178456,114.516102751837039,,,y_log_z
284,train,0.08048433789037286,2.0021984603196854,,,,1.7454674215543837,0.18396354511025406,y_log_z
284,val,,,0.13903509698215227,51.258602838662256,122.475056627125227,,,y_log_z
285,train,0.0800837410820855,2.0021757190189664,,,,1.7457260167787945,0.18372528432380586,y_log_z
285,val,,,0.13771832973368903,50.38898716999336,117.240777747565176,,,y_log_z
286,train,0.08026744155508894,2.0022837772728903,,,,1.7459837366191169,0.18417412438799466,y_log_z
286,val,,,0.1403058007485692,54.24674240073339,131.409851613892386,,,y_log_z
287,train,0.08047151278763537,2.0023144857277946,,,,1.746239138501031,0.18468040757117762,y_log_z
287,val,,,0.1368830469002738,47.842696233782384,110.670795662355800,,,y_log_z
288,train,0.08047521062609223,2.002189177132788,,,,1.7458888673120074,0.18406968554925351,y_log_z
288,val,,,0.1361429669698611,47.25071686023267,109.548578522180833,,,y_log_z
289,train,0.08020733695270287,2.0022040690694536,,,,1.7451113429334428,0.1839655048494774,y_log_z
289,val,,,0.13759785133179392,48.10166609907427,112.183769200179597,,,y_log_z
290,train,0.07993330853799033,2.0022463893133495,,,,1.7459778728939237,0.18443973584189302,y_log_z
290,val,,,0.13670233494268683,48.08663961295974,111.464961513157604,,,y_log_z
291,train,0.08040179123747207,2.0020890798833637,,,,1.7455575766544493,0.1838956999755095,y_log_z
291,val,,,0.1384711611278731,51.14309423325658,120.447567433767261,,,y_log_z
292,train,0.08001473698291987,2.002158320139325,,,,1.7453795170027113,0.18363117808032603,y_log_z
292,val,,,0.13682683045227623,47.81239584934148,110.083399465217937,,,y_log_z
293,train,0.0800898987060738,2.002084355978739,,,,1.745209843393356,0.18380441859601035,y_log_z
293,val,,,0.1366712243626125,48.33747161320815,111.651273506042273,,,y_log_z
294,train,0.08003131232209622,2.002202186792616,,,,1.7447909109649204,0.18373133880751474,y_log_z
294,val,,,0.13843980615213008,51.03626376988857,122.063110974511929,,,y_log_z
295,train,0.07997601860690684,2.002317074508894,,,,1.7453954579338196,0.18434354248974058,y_log_z
295,val,,,0.13901151336314524,51.46049434019356,122.828204422180775,,,y_log_z
296,train,0.0798735389530304,2.002176341792894,,,,1.745781192467326,0.1840105533067669,y_log_z
296,val,,,0.13696379653580573,47.905155172722004,111.125159414307205,,,y_log_z
297,train,0.07998200760237754,2.0022895239175313,,,,1.7442155300624786,0.1846656971980655,y_log_z
297,val,,,0.13644877857883442,47.90304220424982,110.798648228168062,,,y_log_z
298,train,0.07959852958955461,2.0021724816825657,,,,1.745389311086564,0.18381580394057054,y_log_z
298,val,,,0.1377162086773329,49.26015498395762,112.837107571926197,,,y_log_z
299,train,0.07930650498481497,2.0020714596150415,,,,1.7454730213161498,0.1836890843179491,y_log_z
299,val,,,0.13661183802577564,47.131260354263716,108.632550012250334,,,y_log_z
300,train,0.07946692186866015,2.001992801588679,,,,1.7452141398948335,0.18318577628168795,y_log_z
300,val,,,0.13641140180745556,47.30724358065984,110.391226433938968,,,y_log_z
301,train,0.07954273986378832,2.0020183530591784,,,,1.744696083286452,0.18344764109878314,y_log_z
301,val,,,0.13668906491443675,47.31299863084003,109.594011094652245,,,y_log_z
302,train,0.07932969141337606,2.0021006131456014,,,,1.7452351855380195,0.18374614204679215,y_log_z
302,val,,,0.13692573098464378,48.056728648763595,111.609927470757597,,,y_log_z
303,train,0.07921326504133287,2.002137045065562,,,,1.7453666364862805,0.18381368537389098,y_log_z
303,val,,,0.1387028511772702,51.101390947597864,118.684387403475284,,,y_log_z
304,train,0.07922016682162408,2.002068347874142,,,,1.7450710679330523,0.18345352421913827,y_log_z
304,val,,,0.1368737619561684,47.59332562007206,111.000699221713731,,,y_log_z
305,train,0.07910034384223677,2.0019553925782914,,,,1.74450055521632,0.18303707153314636,y_log_z
305,val,,,0.13680091585287166,47.4581926672977,109.769977910335186,,,y_log_z
306,train,0.07944263874863584,2.002073343311037,,,,1.7443037745025423,0.1838470239133116,y_log_z
306,val,,,0.13668455219530817,47.22511557854946,109.228638780013995,,,y_log_z
307,train,0.07926826905606994,2.0020382591183226,,,,1.7449553053057383,0.18329458494508077,y_log_z
307,val,,,0.13639636045411044,47.070589926155186,110.091691689588075,,,y_log_z
308,train,0.07888014144485905,2.002287510368559,,,,1.7449014096979112,0.18404993355747254,y_log_z
308,val,,,0.13638816152508285,47.230371432637014,109.414078274759476,,,y_log_z
309,train,0.07903417071978015,2.002034753087967,,,,1.745711591272127,0.18356562695569462,y_log_z
309,train,0.0790287368812613,2.002041020800197,,,,1.7454862455053934,0.18367300741374493,y_log_z
309,val,,,0.1381453708158444,49.98898684177648,117.541080848040167,,,y_log_z
310,train,0.0788216342528661,2.0021013688473475,,,,1.7465518611291098,0.1835075756091447,y_log_z
310,val,,,0.13691678653690575,47.26173111545189,110.037575101391880,,,y_log_z
311,train,0.07892461138821784,2.0019910933952483,,,,1.7456425262822046,0.18355565970497473,y_log_z
311,val,,,0.13661213992317067,47.27830034964745,109.571035533412697,,,y_log_z
312,train,0.0787677932752385,2.0020408244833114,,,,1.745091748616052,0.1834287861332534,y_log_z
312,val,,,0.13673206121061432,46.844443397840394,108.997086781018311,,,y_log_z
313,train,0.07861464754456565,2.002064537434351,,,,1.746432369190549,0.18322754142776368,y_log_z
313,val,,,0.1381530056053899,49.989801453232175,116.019165212613359,,,y_log_z
314,train,0.07860007628591524,2.00220945714012,,,,1.7466487061409723,0.18384770543447562,y_log_z
314,val,,,0.13641614643066347,47.486026722786946,110.401343696347823,,,y_log_z
315,train,0.07892580467852808,2.001975444810731,,,,1.7453061429754135,0.1831019055985269,y_log_z
315,val,,,0.13766980531469922,49.548637705418265,115.249022046395837,,,y_log_z
316,train,0.07871526223237789,2.002037911897614,,,,1.7439661494323186,0.18330342233890579,y_log_z
316,val,,,0.1366327512479672,47.43471350306606,110.575081102264335,,,y_log_z
317,train,0.0789275541679845,2.0021268186115084,,,,1.7448280503352482,0.183757715725473,y_log_z
317,val,,,0.1366305264835617,47.485637061361864,110.968573053155126,,,y_log_z
318,train,0.0782676834450473,2.0021152063494636,,,,1.7450118663292082,0.1836389617196151,y_log_z
318,val,,,0.13646231359917124,46.82495884026292,108.562016801593927,,,y_log_z
319,train,0.07849846626558,2.0020320252293633,,,,1.744304272154021,0.1834501467112984,y_log_z
319,val,,,0.13635138348520692,47.20655786505209,110.017986960241245,,,y_log_z
320,train,0.07830828056478548,2.00218488134089,,,,1.7456144108658744,0.18381605998036407,y_log_z
320,val,,,0.13833787339754028,50.730562065180536,118.935059853821642,,,y_log_z
321,train,0.07853168912143224,2.001970702930102,,,,1.7450377160594577,0.1828184552668106,y_log_z
321,val,,,0.1377672932402003,49.261804095206976,114.954253938992906,,,y_log_z
322,train,0.07860917498224548,2.001805509366686,,,,1.7447430058604194,0.1825190456436267,y_log_z
322,val,,,0.13676826338747558,47.2647865496109,110.417260109136279,,,y_log_z
323,train,0.0781565337101855,2.001995572495082,,,,1.745076256138938,0.18334031607660037,y_log_z
323,val,,,0.1364678383052539,46.790094358049544,108.631709119022275,,,y_log_z
324,train,0.07821315258652681,2.001959091614163,,,,1.7441070739712035,0.18325935490429401,y_log_z
324,val,,,0.13657511537436273,47.25680677275831,109.983178827614893,,,y_log_z
325,train,0.07781798330446084,2.0018300373875904,,,,1.7442362173682167,0.1823854646275914,y_log_z
325,val,,,0.13765514095510498,49.77400927373354,117.913437545009373,,,y_log_z
326,train,0.0781311973973754,2.001921950115098,,,,1.7442822527317774,0.18269632744883735,y_log_z
326,val,,,0.1375802688461208,49.72420550642246,116.962422388895263,,,y_log_z
327,train,0.07807159451915631,2.0018152334387342,,,,1.7437555033063132,0.18229153444842686,y_log_z
327,val,,,0.13620034548165202,46.63953312905486,108.160641217184292,,,y_log_z
328,train,0.07807173916242188,2.0018767962853112,,,,1.7442754251616341,0.18260301368695403,y_log_z
328,val,,,0.13624991606811698,46.84063258205683,109.440218104176239,,,y_log_z
329,train,0.07798558520153165,2.0018534016987632,,,,1.7449544398557573,0.1825241211446978,y_log_z
329,val,,,0.13570427758551817,46.27990445497289,106.998544595647701,,,y_log_z
330,train,0.07804341990471123,2.0019150589193617,,,,1.7447808926540709,0.18256005174702122,y_log_z
330,val,,,0.1368936483413711,47.42394914152644,111.134016951063501,,,y_log_z
331,train,0.0778466966077094,2.0019862415298584,,,,1.7441992504256112,0.1826488348758883,y_log_z
331,val,,,0.13656874398181457,47.12448750327547,109.463463268986075,,,y_log_z
332,train,0.07763421108266191,2.001720990689974,,,,1.7450009298229974,0.1821551379998998,y_log_z
332,val,,,0.13631186365931514,47.142084733548984,109.793953053444099,,,y_log_z
333,train,0.07756087037601642,2.0019217301455754,,,,1.744740453740907,0.18305369123579965,y_log_z
333,val,,,0.13606991416631703,46.82289032172125,108.888044712209577,,,y_log_z
334,train,0.07742556101746029,2.001959719355144,,,,1.7446122072518817,0.18306370233259503,y_log_z
334,val,,,0.1353863839935262,46.44682031970278,108.275797028990269,,,y_log_z
335,train,0.07755919231013172,2.001912035639324,,,,1.744471598239172,0.1830452811268587,y_log_z
335,val,,,0.13750223754989446,49.775313506378914,116.250764052871446,,,y_log_z
336,train,0.07743641072588545,2.001847622413484,,,,1.7444026406322206,0.18225809727751074,y_log_z
336,val,,,0.13738532682457347,49.77818472947564,116.446869814820403,,,y_log_z
337,train,0.07746130982709545,2.0017689918241803,,,,1.7440705540634336,0.1827466008622968,y_log_z
337,val,,,0.13654310143247772,47.12767028152733,109.216399557313835,,,y_log_z
338,train,0.07749222257425861,2.00168220793444,,,,1.745164301187273,0.18185250712410797,y_log_z
338,val,,,0.1363176422658544,46.911050562514,109.051952569227126,,,y_log_z
339,train,0.07722985348294652,2.001776434599407,,,,1.7443755311625344,0.18214024742326093,y_log_z
339,val,,,0.1368598172507971,47.56996662581069,110.762302558033923,,,y_log_z
340,train,0.07725317609156408,2.001958145272164,,,,1.7443222732297958,0.18295607517754275,y_log_z
340,val,,,0.13625539530636796,46.73154308312326,109.343102729999245,,,y_log_z
341,train,0.07714705381335484,2.001782614560354,,,,1.7446702714004214,0.18257621566336307,y_log_z
341,val,,,0.1360892925398902,46.84860184882646,108.554718812743289,,,y_log_z
342,train,0.07733294532619535,2.0017052725667046,,,,1.7455171266245464,0.18203819185377113,y_log_z
342,val,,,0.13644278928442036,46.863842731021506,108.823362301321410,,,y_log_z
343,train,0.07716875118277376,2.0018785252930624,,,,1.7446883434341067,0.1824516715511443,y_log_z
343,val,,,0.1365466404301566,47.07772654673642,109.192464203467424,,,y_log_z
344,train,0.07703636549708862,2.0016901098073476,,,,1.743904229903978,0.18215938418039254,y_log_z
344,val,,,0.1353824623554397,46.40797926468611,108.366840257764494,,,y_log_z
345,train,0.07708206653062787,2.001730093170726,,,,1.7444876576699908,0.18225707433053426,y_log_z
345,val,,,0.1362586317791065,46.61729680451009,109.059858658989256,,,y_log_z
346,train,0.0769605150682822,2.001837416300698,,,,1.7442899606530629,0.18249931801406163,y_log_z
346,val,,,0.13588249399807142,46.327717841317195,108.059209607436259,,,y_log_z
347,train,0.07690062313266689,2.001918508419915,,,,1.7449285340687586,0.18263094351878242,y_log_z
347,val,,,0.13575532346912675,46.15950979810807,107.149388290572972,,,y_log_z
348,train,0.07679385855232203,2.0018356806702085,,,,1.7449223304551744,0.1823624258062669,y_log_z
348,val,,,0.13630355430143898,47.24931373263163,110.775982446014936,,,y_log_z
349,train,0.07666671729188353,2.001677706128075,,,,1.7449918420068802,0.18188657378038717,y_log_z
