epoch,split,bin,mae_s,rmse_s,acc_at_tau_pct,tau_s,n
1,val,0,185.63696941321325,218.30454304688942,7.469167445647258,30.0,33163
1,val,1,137.73353740197317,201.82402298739223,32.32520699172033,60.0,34784
1,val,2,310.14071982080213,416.1420942986772,26.25677326400852,120.0,31927
2,val,0,81.6088522101356,102.9723365644705,21.183246389048037,30.0,33163
2,val,1,146.08898214780638,190.662830402088,26.144204231830727,60.0,34784
2,val,2,272.04550656759466,365.33530784286177,29.310614840103987,120.0,31927
3,val,0,78.79506301247226,94.09997188220055,19.871543587733317,30.0,33163
3,val,1,89.01986635027397,113.68411044780176,42.37005519779209,60.0,34784
3,val,2,171.09113223088144,263.46625305300836,50.00156607260312,120.0,31927
4,val,0,84.62826418364051,106.55988292744837,22.238639447577118,30.0,33163
4,val,1,109.87717929759373,140.57540625100816,33.61603035878565,60.0,34784
4,val,2,201.30703307606512,290.965864123575,38.83860055752184,120.0,31927
5,val,0,46.19308713055943,57.148863856133566,38.298706389651116,30.0,33163
5,val,1,101.69973868235823,124.91661409193438,34.51874425022999,60.0,34784
5,val,2,244.23260801435208,324.3991087397486,25.874651548845804,120.0,31927
6,val,0,40.160746807421276,50.403927684810256,44.91149775352049,30.0,33163
6,val,1,100.19301387993919,122.24224591107351,33.49241030358785,60.0,34784
6,val,2,223.40207529242736,310.5579600757092,32.320606383311926,120.0,31927
7,val,0,44.62388427852164,55.47794442139891,39.797364532762415,30.0,33163
7,val,1,89.46839531737945,111.29450949905761,40.02989880404784,60.0,34784
7,val,2,179.26999945829795,274.69098144485815,46.74100291289504,120.0,31927
8,val,0,46.549235731551114,59.47677473426494,40.82260350390495,30.0,33163
8,val,1,91.07387329705176,111.95285902968783,38.046228150873965,60.0,34784
8,val,2,180.0913254473829,268.08153138709775,44.883640805587746,120.0,31927
9,val,0,42.903542227736864,55.06573572451391,44.14256852516358,30.0,33163
9,val,1,94.46753406612393,117.8965828009576,37.94273229070837,60.0,34784
9,val,2,154.70597310719938,248.16976576546386,54.48679800795565,120.0,31927
10,val,0,43.60564967636478,54.60165459948922,41.724210716762656,30.0,33163
10,val,1,83.70662285454688,105.11173750967107,43.47688592456302,60.0,34784
10,val,2,171.9706189371273,264.96530278799014,48.413568453033484,120.0,31927
11,val,0,47.988941356542874,60.812116009689205,39.34806863070289,30.0,33163
11,val,1,96.20825160920565,118.69325860391584,36.315547378104874,60.0,34784
11,val,2,171.92360648902184,259.88307957459386,47.104331756820244,120.0,31927
12,val,0,58.59237154005405,73.2110876819895,31.351204655791094,30.0,33163
12,val,1,97.56354513931625,120.19404862238525,35.78656853725851,60.0,34784
12,val,2,156.290102351562,245.52349406644063,53.15563629529865,120.0,31927
13,val,0,40.283831450489345,51.945516408824524,46.82326689382746,30.0,33163
13,val,1,87.42180835685274,108.0252080984604,39.79990800367985,60.0,34784
13,val,2,148.30607700709334,243.40657557063633,57.863250540295056,120.0,31927
14,val,0,38.83061195946148,49.98877797127918,48.40334107288243,30.0,33163
14,val,1,83.7117479441905,105.71678177319843,43.7471251149954,60.0,34784
14,val,2,152.96794320879346,246.23752938793814,55.84614902746892,120.0,31927
15,val,0,55.894435529545234,74.34559955542737,36.25425926484335,30.0,33163
15,val,1,97.95187582175669,123.21461413545818,37.14063937442502,60.0,34784
15,val,2,148.23170458621914,235.59037594113528,56.12804209603157,120.0,31927
16,val,0,41.9867647243086,53.89256019802967,44.11844525525435,30.0,33163
16,val,1,91.1789876065785,114.39366726114719,39.51241950321987,60.0,34784
16,val,2,144.57897158153267,234.3685048525263,57.440410937451055,120.0,31927
17,val,0,46.42294608481567,58.861116279046094,39.69182522690951,30.0,33163
17,val,1,93.16777368456043,115.26911667850538,37.632244710211594,60.0,34784
17,val,2,140.23785201763985,233.13960212373877,60.29066307514016,120.0,31927
18,val,0,60.737687847228436,82.17916954987189,34.3877212556162,30.0,33163
18,val,1,113.85359661449723,147.10197894186345,34.22263109475621,60.0,34784
18,val,2,155.8155393890506,229.86607748797817,51.36718138252889,120.0,31927
19,val,0,51.08508164403206,66.8487020740818,38.542954497482135,30.0,33163
19,val,1,88.59892371562827,111.24369321184044,40.702621895124196,60.0,34784
19,val,2,133.71483588904962,223.09232288853647,62.539543333228934,120.0,31927
20,val,0,46.63682384391467,64.02423411254392,43.93752073093508,30.0,33163
20,val,1,101.27164875441115,132.10926774430433,39.095561177552895,60.0,34784
20,val,2,141.97182574594606,223.05941392513674,56.82337833181946,120.0,31927
21,val,0,66.60945798999686,94.1646324889596,34.408829116786784,30.0,33163
21,val,1,135.3723037354751,176.09499781556408,28.958716651333948,60.0,34784
21,val,2,179.37553328672024,250.53284613736525,43.834372161493405,120.0,31927
22,val,0,80.6768390540604,108.35728787806426,27.901577058770314,30.0,33163
22,val,1,132.77295435648395,167.86315113557143,28.846596136154556,60.0,34784
22,val,2,152.3248445596473,222.95985803181733,50.994456102984934,120.0,31927
23,val,0,71.54838544849434,105.25221905063606,34.921448602358055,30.0,33163
23,val,1,142.90975324671095,183.7903909048617,27.587396504139832,60.0,34784
23,val,2,168.1088140661338,234.13321610461858,45.19998747141917,120.0,31927
24,val,0,67.85937028842385,88.99238968504937,30.126948707897355,30.0,33163
24,val,1,120.19482291326023,149.62220358379187,29.927552897884084,60.0,34784
24,val,2,146.24937567383944,218.15254398710445,52.49475365677952,120.0,31927
25,val,0,77.89299284308638,105.23475257422734,29.002201248379215,30.0,33163
25,val,1,131.81973578234604,165.15520713149206,27.93525758969641,60.0,34784
25,val,2,144.13574601091943,213.771609508709,52.839289629467224,120.0,31927
26,val,0,84.21953837920367,117.70345591583197,28.950939299822092,30.0,33163
26,val,1,144.85317067389326,187.11242883818016,27.403403863845444,60.0,34784
26,val,2,174.5484697406021,235.46132421567015,41.341184577317,120.0,31927
27,val,0,70.74225928527981,95.7697489483935,30.187256882670443,30.0,33163
27,val,1,108.70464319336162,140.24943691728197,36.23217571297148,60.0,34784
27,val,2,139.48200678546837,210.2667208239396,55.36066652049989,120.0,31927
28,val,0,81.98338199115449,111.51304058863906,28.528782076410458,30.0,33163
28,val,1,147.30515961002186,185.48452932793313,25.92858785648574,60.0,34784
28,val,2,176.1499700182741,236.794225616874,40.539355404516556,120.0,31927
29,val,0,77.28134366282112,105.36866892864731,28.869523263878417,30.0,33163
29,val,1,128.0630381951775,165.6283923349888,30.864765409383626,60.0,34784
29,val,2,152.2485044962495,218.3275119063338,50.230212672659505,120.0,31927
30,val,0,77.40511125621457,105.70249770052615,28.23628742876097,30.0,33163
30,val,1,133.68202575150167,169.99877388883223,28.57060717571297,60.0,34784
30,val,2,155.07866653383599,218.71257601292137,47.9186895104457,120.0,31927
31,val,0,87.42442066091516,117.68652096042884,24.261978711214304,30.0,33163
31,val,1,127.36764201398496,166.6985624305242,31.025758969641217,60.0,34784
31,val,2,142.72334014121202,207.45872119687348,53.296582829579975,120.0,31927
32,val,0,75.6626842829947,109.8119572540471,33.14235744655188,30.0,33163
32,val,1,139.15180100315519,177.0145422525447,26.952046918123273,60.0,34784
32,val,2,150.95298705102655,212.64804568568573,49.180944028565165,120.0,31927
33,val,0,82.28425275373958,110.61449463807264,27.841268883997227,30.0,33163
33,val,1,120.93126889380602,156.45950381356602,33.00080496780129,60.0,34784
33,val,2,154.31192686177891,221.63080201216255,49.409590628621544,120.0,31927
34,val,0,65.66129346804456,91.11998215086832,33.748454603021436,30.0,33163
34,val,1,116.42294640001509,149.96139481139411,33.61315547378105,60.0,34784
34,val,2,144.04653705560244,209.42218575296988,52.100103360791806,120.0,31927
35,val,0,93.1056205290087,131.62455379105717,27.29849531103941,30.0,33163
35,val,1,146.19743344360464,192.2595955958143,29.378449862005517,60.0,34784
35,val,2,159.21575995217728,219.16573635826757,46.48103486077614,120.0,31927
36,val,0,85.17887584634632,119.16599642934554,28.806199680366674,30.0,33163
36,val,1,135.94271343480366,174.84461270487364,28.76897424103036,60.0,34784
36,val,2,140.6642982061617,204.06484452582586,53.443793654273804,120.0,31927
37,val,0,88.58156629105196,119.41966578669721,25.474173024153423,30.0,33163
37,val,1,139.29908297625616,174.72057563756664,26.11833026678933,60.0,34784
37,val,2,160.0324234456607,220.88883927330693,45.65101638111943,120.0,31927
38,val,0,95.96751121988243,133.18461433109073,26.53559690015982,30.0,33163
38,val,1,138.92063164031055,180.14910666926014,27.84326126954922,60.0,34784
38,val,2,151.104234045513,212.1173783162775,49.11516897923388,120.0,31927
39,val,0,103.51109279134148,144.00364912675357,24.210716762657178,30.0,33163
39,val,1,156.71376511364107,202.67660999232984,25.842341306347745,60.0,34784
39,val,2,168.9408714606759,224.27231611492843,42.54079619131143,120.0,31927
40,val,0,101.69355737162604,140.62578947786042,22.178331272804026,30.0,33163
40,val,1,154.71447225393456,204.37266517342346,27.36315547378105,60.0,34784
40,val,2,176.09252824161123,230.3909655240374,40.8870235224105,120.0,31927
41,val,0,92.79032025157343,126.90534952828331,26.200886530169164,30.0,33163
41,val,1,152.92174559508098,194.45807396493043,25.120745170193192,60.0,34784
41,val,2,197.9331933156351,251.97815274410473,34.36902934820058,120.0,31927
42,val,0,96.64344833471108,137.49847072866723,24.641920212284777,30.0,33163
42,val,1,169.26339958913852,219.7421924716642,24.22665593376265,60.0,34784
42,val,2,220.73511084765883,268.56581314906816,27.155698938202775,120.0,31927
43,val,0,124.71319158060777,179.84413443121,19.940897988722373,30.0,33163
43,val,1,186.24379452983501,246.88074242867262,23.033578656853727,60.0,34784
43,val,2,225.5306829563095,273.88709507327275,26.82682369154634,120.0,31927
44,val,0,99.84002878242978,141.59088025282875,25.77269848928022,30.0,33163
44,val,1,163.95171792066304,212.91708913767832,24.747010119595217,60.0,34784
44,val,2,226.44863299449477,275.12513091840873,27.07739530804648,120.0,31927
45,val,0,102.26579342596429,154.53113801336897,28.20613334137442,30.0,33163
45,val,1,157.68456404474534,211.13591898706161,28.357865685372584,60.0,34784
45,val,2,167.2148139579157,219.58319484272076,42.08663513640493,120.0,31927
46,val,0,106.51289660354843,149.1887532593865,23.90616048005307,30.0,33163
46,val,1,159.33491132888864,205.5073321637231,25.212741490340385,60.0,34784
46,val,2,180.34734877060853,233.67109836599087,38.70078616844677,120.0,31927
47,val,0,103.06843257743358,141.03960643577028,23.360371498356603,30.0,33163
47,val,1,148.88143369574667,194.91146372343854,27.55864765409384,60.0,34784
47,val,2,187.30791283723173,242.77441776302805,37.45732452156482,120.0,31927
48,val,0,109.18087141602182,147.83127986793176,23.315140367276786,30.0,33163
48,val,1,149.00493044883916,189.19036108253755,25.603725850965965,60.0,34784
48,val,2,160.09835796981687,217.17409399153252,44.82413004666896,120.0,31927
49,val,0,110.30404015888377,153.46832670061178,24.681120525887284,30.0,33163
49,val,1,161.66417100304514,206.20128890873227,24.643514259429622,60.0,34784
49,val,2,176.6363876648169,226.93497593093065,36.99376703103956,120.0,31927
50,val,0,116.39521439541409,156.3548197169621,21.134999849229562,30.0,33163
50,val,1,165.26848134845358,210.13361266086324,23.78967341306348,60.0,34784
50,val,2,188.85347472205882,239.33275677467617,34.99859053465719,120.0,31927
51,val,0,104.99202578251035,145.4015754188765,24.090100413110996,30.0,33163
51,val,1,174.61658373203647,218.3898838807652,21.216651333946643,60.0,34784
51,val,2,218.5469664714867,261.90270563013325,24.85670435681398,120.0,31927
52,val,0,107.06991417304536,147.51910112042995,23.565419292585112,30.0,33163
52,val,1,185.1329815890006,231.18306278731086,20.581301747930084,60.0,34784
52,val,2,241.6260199659575,285.2438231801302,21.361230306637015,120.0,31927
53,val,0,116.59102898010984,157.27922326337526,22.247685673793082,30.0,33163
53,val,1,156.41573962621328,198.2519314519915,24.839006439742413,60.0,34784
53,val,2,179.66570702917005,232.25499155834729,37.93654273812134,120.0,31927
54,val,0,107.82732430444179,147.92935910756128,23.975514881042127,30.0,33163
54,val,1,181.42966552425548,223.91387184845567,20.592801287948483,60.0,34784
54,val,2,217.47489340918344,262.1568042368417,25.4204904939393,120.0,31927
55,val,0,91.12346702980355,125.69458333675051,26.218978982601094,30.0,33163
55,val,1,151.68355645931632,192.80901624624764,25.563477460901563,60.0,34784
55,val,2,187.57046978018212,239.2962513206313,35.474676606007456,120.0,31927
56,val,0,119.22949081083634,162.75384784158268,21.122938214274946,30.0,33163
56,val,1,160.3836987731428,205.6082687163026,24.131784728610857,60.0,34784
56,val,2,170.93500923722843,221.84784340562692,39.67175118238482,120.0,31927
57,val,0,100.89758192194144,136.15872317296746,22.549226547658535,30.0,33163
57,val,1,157.14934499787978,199.22415548161973,24.422148114075437,60.0,34784
57,val,2,174.59781990382234,226.03641955516665,39.30529019325336,120.0,31927
58,val,0,96.16925215757796,138.21439024420684,26.26722552241956,30.0,33163
58,val,1,145.9297682719156,188.9848193153915,26.239075436982525,60.0,34784
58,val,2,159.24326968446206,211.73156607932629,45.23130892348169,120.0,31927
59,val,0,121.04697876510296,162.57787303668908,21.122938214274946,30.0,33163
59,val,1,182.8445160838586,226.21420264594403,19.925827966881325,60.0,34784
59,val,2,199.9161436330829,244.60548123223256,29.551790020985376,120.0,31927
60,val,0,103.71236748912922,143.5922173714679,24.240870850043724,30.0,33163
60,val,1,160.28742079747963,204.84597705012712,24.910878564857406,60.0,34784
60,val,2,191.07076526933022,238.99246248919295,33.47636796441883,120.0,31927
61,val,0,105.89918682465445,146.21967618368316,24.789675240478847,30.0,33163
61,val,1,175.10639714975366,216.96205262158492,20.61005059797608,60.0,34784
61,val,2,199.49572920224995,244.23563753383186,29.75224731418549,120.0,31927
62,val,0,118.42070918305627,164.39611897887283,21.74712782317643,30.0,33163
62,val,1,182.04168939107913,227.08064261668684,21.458141674333024,60.0,34784
62,val,2,183.59312537561271,234.32781992945942,37.43539950512106,120.0,31927
63,val,0,114.03758924166947,165.55331424733177,22.690950758375298,30.0,33163
63,val,1,179.8580505104381,228.7508820381545,20.98953541858326,60.0,34784
63,val,2,191.05477009350676,235.20041115287611,32.091959783255554,120.0,31927
64,val,0,94.51753528278526,132.49454640282934,25.012815487139285,30.0,33163
64,val,1,164.22052557137218,206.911437541428,21.8491260349586,60.0,34784
64,val,2,179.0458069124854,228.60109972611184,38.34998590534657,120.0,31927
65,val,0,94.58660923456559,137.9946077193704,27.518620148961194,30.0,33163
65,val,1,143.08175492133148,185.18483305195193,27.742640294388227,60.0,34784
65,val,2,153.26001736275944,207.1477841805433,46.70968146083253,120.0,31927
66,val,0,99.20500383301444,141.8550521188264,27.027108524560507,30.0,33163
66,val,1,159.92263040832125,204.5629172663393,24.39627414903404,60.0,34784
66,val,2,173.79370968280668,222.25639026166357,38.6600682807655,120.0,31927
67,val,0,120.67679102175005,169.08610450073073,21.976298887314176,30.0,33163
67,val,1,172.31581809176365,219.31147297175906,22.320607175712972,60.0,34784
67,val,2,177.6025750714643,223.83605494175362,36.574059573401826,120.0,31927
68,val,0,110.03769246935826,154.40806603740825,23.390525585743145,30.0,33163
68,val,1,158.9425614329797,202.69537600799487,23.484935602575895,60.0,34784
68,val,2,180.5472806418622,228.89762260007225,35.97268769380149,120.0,31927
69,val,0,114.74938458349314,164.13990123726924,25.914422699996987,30.0,33163
69,val,1,197.83591809312247,247.98900402024336,20.365685372585098,60.0,34784
69,val,2,218.42806213380817,259.6145005498772,24.794061452688947,120.0,31927
70,val,0,113.3964409916902,151.41134810495262,21.67174260471007,30.0,33163
70,val,1,163.58031293067125,202.06447622256883,22.228610855565776,60.0,34784
70,val,2,166.170426245199,215.37030610409207,40.55501613054781,120.0,31927
71,val,0,106.59017437381387,148.19119501279783,24.0237614208606,30.0,33163
71,val,1,169.88134400649363,214.48278656988927,21.627759889604416,60.0,34784
71,val,2,175.9208834344021,224.49734413094225,37.999185642246374,120.0,31927
72,val,0,96.06372987413437,142.95857545083288,28.468473901637363,30.0,33163
72,val,1,171.92336344784735,221.0050362395027,22.866835326586937,60.0,34784
72,val,2,196.4742698324131,241.46255311343324,31.50311648448022,120.0,31927
73,val,0,93.96617121817684,142.0912026138326,30.603383288604768,30.0,33163
73,val,1,175.22590144489922,224.75189707632293,22.55347286108556,60.0,34784
73,val,2,194.11200555080976,238.760320191305,31.531305791336482,120.0,31927
74,val,0,95.58839891204406,140.1119003149363,28.607182703615475,30.0,33163
74,val,1,174.6468455745413,221.48447753906254,20.397309107635696,60.0,34784
74,val,2,188.91856628928394,239.6445081540411,36.68681680082689,120.0,31927
75,val,0,103.07759842247007,149.89481540333315,27.693513855803154,30.0,33163
75,val,1,175.82373883511457,222.14269482718007,20.81704231830727,60.0,34784
75,val,2,204.55123121294037,248.02123896600386,28.405424875497225,120.0,31927
76,val,0,92.98340496745007,141.6633126436225,28.993155022163254,30.0,33163
76,val,1,162.79828704160184,211.06361722656175,23.691927322907084,60.0,34784
76,val,2,171.74946742825918,218.46165852689055,39.07664359319698,120.0,31927
77,val,0,119.3926114041875,165.82828603747052,22.47987214666948,30.0,33163
77,val,1,199.19901416711886,249.319909406911,18.14339926402944,60.0,34784
77,val,2,216.898118038012,263.1518525203412,28.634071475553608,120.0,31927
78,val,0,103.37080063843035,152.7602341906884,27.14169405662938,30.0,33163
78,val,1,172.33796304458858,224.62161989291724,22.30335786568537,60.0,34784
78,val,2,180.908533644317,226.8379632416045,35.25542644156983,120.0,31927
79,val,0,117.74543464466706,167.24372482063717,23.242770557549076,30.0,33163
79,val,1,181.915553909765,232.1574711689166,19.770584176632937,60.0,34784
79,val,2,178.75930722759637,224.86565780527678,36.595984589845585,120.0,31927
80,val,0,115.0412976864512,160.5965789609916,23.426710490607004,30.0,33163
80,val,1,195.45911412383836,244.6609796615538,18.042778288868444,60.0,34784
80,val,2,209.51692536789247,251.6243360491071,26.77044507783381,120.0,31927
81,val,0,117.33049273633972,161.71310247100863,20.908844193830472,30.0,33163
81,val,1,183.21611417403656,229.27255579224817,19.422723091076357,60.0,34784
81,val,2,190.3650558595463,236.01099255961608,33.72380743571272,120.0,31927
82,val,0,105.14391321635982,151.72155617725755,25.148508880378735,30.0,33163
82,val,1,168.52395350536077,215.73520604411655,22.19986200551978,60.0,34784
82,val,2,158.26221678096957,209.3244910289181,45.91724872365083,120.0,31927
83,val,0,106.31769712984327,147.86606564656628,24.569550402557066,30.0,33163
83,val,1,171.07224001353666,214.42575753706151,20.2851885924563,60.0,34784
83,val,2,173.13086748064921,221.70451284984333,39.51514392207223,120.0,31927
84,val,0,107.84351909595925,161.0329719926957,26.261194704942252,30.0,33163
84,val,1,173.31466941517652,227.78309283958535,21.97849586016559,60.0,34784
84,val,2,174.1065586080649,220.9312067929818,38.88558273561563,120.0,31927
85,val,0,100.09114074753043,146.03300925634758,27.51560474022254,30.0,33163
85,val,1,191.90650107516208,244.76860319803436,18.600505979760808,60.0,34784
85,val,2,221.76240772253647,264.9093596889622,25.833933661164533,120.0,31927
86,val,0,106.01032185969326,148.1579972855147,25.154539697856045,30.0,33163
86,val,1,179.26447402827765,225.94136072285428,20.187442502299906,60.0,34784
86,val,2,193.94394490874691,240.67826157042668,33.53587872333762,120.0,31927
87,val,0,99.66697697058139,148.57244060669237,28.034255043271116,30.0,33163
87,val,1,181.47249644682182,232.2999183210127,20.385809567617294,60.0,34784
87,val,2,196.46463374486376,242.15616443092426,32.0762990572243,120.0,31927
88,val,0,101.46609786482558,144.49181103719351,27.232156318789013,30.0,33163
88,val,1,194.92254407754598,252.3569192838334,19.598091076356948,60.0,34784
88,val,2,223.1299606114388,271.49910798968114,26.923920192940145,120.0,31927
89,val,0,106.99077193639184,149.94198269701627,25.54654283388113,30.0,33163
89,val,1,172.88360964890018,222.2109622504358,22.21136154553818,60.0,34784
89,val,2,191.61014570195044,237.46362774412765,33.57033232060638,120.0,31927
90,val,0,98.05723642957112,138.93439147837816,26.62907457105811,30.0,33163
90,val,1,170.63059909824065,217.139186336848,21.159153633854647,60.0,34784
90,val,2,190.62384932662547,237.5824752014035,34.17483634541297,120.0,31927
91,val,0,102.2121758384073,145.43178420803613,27.018062298344542,30.0,33163
91,val,1,185.99891021784666,234.72624287144066,20.040823367065315,60.0,34784
91,val,2,195.57228803023793,243.18444042815423,33.02533905471858,120.0,31927
92,val,0,97.22897558526022,139.8674038614008,28.019177999577842,30.0,33163
92,val,1,184.15486194852744,235.45838475074694,19.644089236430542,60.0,34784
92,val,2,204.5874031466681,249.7336166364364,29.648886522379176,120.0,31927
93,val,0,114.34031069664422,159.01763387090602,23.93329915870096,30.0,33163
93,val,1,178.4796223785204,230.6367239660942,21.242525298988042,60.0,34784
93,val,2,210.50484480771075,257.6804741715416,30.00595107589188,120.0,31927
94,val,0,95.04069572370281,132.54397097894932,26.948707897355483,30.0,33163
94,val,1,168.8148328610923,213.99873764972043,21.8807497700092,60.0,34784
94,val,2,179.07760194092677,226.67682876267833,36.86848122278949,120.0,31927
95,val,0,114.06496030040657,160.91939085920936,23.761420860597653,30.0,33163
95,val,1,184.33220157430276,238.23085917136825,20.59567617295308,60.0,34784
95,val,2,193.55042263619694,242.24784874770566,35.061233438782224,120.0,31927
96,val,0,104.35292716018111,144.56932922982747,25.109308566776228,30.0,33163
96,val,1,185.9132422593721,231.60358620570142,18.13477460901564,60.0,34784
96,val,2,188.66588887099869,232.27499691593596,32.97522473141855,120.0,31927
97,val,0,109.27909784035484,151.1003301534069,25.356572083345895,30.0,33163
97,val,1,192.40407159378907,244.44468983390595,18.663753449862007,60.0,34784
97,val,2,206.85069001862402,251.7623534398,27.67876718764682,120.0,31927
98,val,0,105.78290944288793,145.58500064387732,25.477188432892078,30.0,33163
98,val,1,184.2919311944563,229.821837342201,18.24689512419503,60.0,34784
98,val,2,191.4896457366365,238.02971588596262,33.26024994518746,120.0,31927
99,val,0,105.21845837184065,148.31745697536923,25.700328679552513,30.0,33163
99,val,1,185.08481298199243,237.87730514278215,18.479760809567615,60.0,34784
99,val,2,211.3324098908741,255.46335172093373,27.540952798571745,120.0,31927
100,val,0,107.00588321263061,156.0959781882567,26.644151614751376,30.0,33163
100,val,1,185.18233618433584,237.3053362341875,19.250229990800367,60.0,34784
100,val,2,190.79743958140836,233.55980987057515,32.170263413411845,120.0,31927
101,val,0,108.44324888853919,153.8547354480669,26.15263999035069,30.0,33163
101,val,1,173.19293704905857,219.47048051389325,20.739420423183073,60.0,34784
101,val,2,178.99453343546656,223.53252415128972,35.96329125818273,120.0,31927
102,val,0,101.2955262193029,142.5264078468446,26.0591623194524,30.0,33163
102,val,1,174.2285025841398,225.77320843934982,21.09590616375345,60.0,34784
102,val,2,190.60271254633372,238.33903148768954,33.82403608231277,120.0,31927
103,val,0,114.2502250219324,161.35012422916228,24.12628531797485,30.0,33163
103,val,1,185.80608877482058,239.5007472776265,20.77104415823367,60.0,34784
103,val,2,188.55921099518775,233.71338872019055,33.733203871331476,120.0,31927
104,val,0,114.2502250219324,161.35012422916228,24.12628531797485,30.0,33163
104,val,1,185.80608877482058,239.5007472776265,20.77104415823367,60.0,34784
104,val,2,188.55921099518775,233.71338872019055,33.733203871331476,120.0,31927
105,val,0,114.301142041474137,158.605742497375076,23.972460636161816,30.0,33163
105,val,1,183.906213176774600,240.151065859891474,21.174085700702658,60.0,34785
105,val,2,189.060286681735363,232.890808060274821,33.771110753161850,120.0,31928
106,val,0,111.817637991498913,158.922820153946702,24.514868874385787,30.0,33164
106,val,1,182.385749221650002,236.310343543916673,21.304689789180504,60.0,34786
106,val,2,188.177859052927289,232.904772364195338,34.009950678170519,120.0,31930
107,val,0,114.034683938148717,157.381975478011412,25.164531097936468,30.0,33164
107,val,1,184.977335934095436,236.409172273113057,20.809348426667832,60.0,34787
107,val,2,188.716528353172635,232.892184795107568,33.705269116724708,120.0,31931
108,val,0,111.202395018721973,160.663221880084791,25.045690292113207,30.0,33164
108,val,1,184.904454575993554,237.947192932976293,21.485543028590076,60.0,34788
108,val,2,188.513563093497197,232.766008437607667,34.183136418742137,120.0,31933
109,val,0,113.260603428559875,159.045291322127383,25.630387994079832,30.0,33165
109,val,1,183.227226960762408,237.079633968682941,20.995557966299042,60.0,34789
109,val,2,186.886487541474708,232.439197299961165,33.898326272285651,120.0,31934
110,val,0,110.821138147370164,156.106177553956996,24.927948815126641,30.0,33165
110,val,1,182.914442744182963,234.387011563821801,21.596262653073531,60.0,34790
110,val,2,186.619355873616939,232.214529733514723,34.701692095372039,120.0,31936
111,val,0,111.805280238252365,157.863297811680894,24.954775543174783,30.0,33165
111,val,1,182.767935102109647,232.496807331528601,21.775178465389178,60.0,34791
111,val,2,187.846101861573516,232.595092928541618,34.492649834766347,120.0,31937
112,val,0,111.508212813010559,158.363956377992224,26.069917625032069,30.0,33166
112,val,1,179.810590139237149,231.013453940805391,21.856001218925901,60.0,34792
112,val,2,186.262874896195967,231.748091108687106,34.910476124382960,120.0,31939
113,val,0,111.736176024661631,155.376052242153463,26.075754310935526,30.0,33166
113,val,1,180.010470849361894,235.411463159300808,22.214464357342038,60.0,34793
113,val,2,186.024801970821329,231.612279646920456,34.699930082803682,120.0,31940
114,val,0,109.239150083235273,156.042404645630711,26.636601844923224,30.0,33166
114,val,1,179.439280191432829,230.656448840095862,23.102083651565202,60.0,34795
114,val,2,186.249832038539921,231.183576852424210,34.380730965279874,120.0,31942
115,val,0,108.300332497715971,155.669149971419415,26.665097580294415,30.0,33167
115,val,1,178.958027722840001,229.031009776033954,22.444076776795665,60.0,34796
115,val,2,186.927565913478134,231.663906242029611,35.239032704724501,120.0,31943
116,val,0,110.420940101688998,152.279268715077592,26.746175840003044,30.0,33167
116,val,1,179.598185825447388,231.056140044235121,22.456906538729534,60.0,34797
116,val,2,186.030316601804856,230.834436545283467,34.901771404321963,120.0,31945
117,val,0,108.622840745685906,156.024527244569924,27.173597225289530,30.0,33167
117,val,1,177.028033130408289,230.123462451217307,22.505372573009907,60.0,34798
117,val,2,186.305902860310454,231.805709170978787,34.891993904882689,120.0,31946
118,val,0,108.828717964364415,153.876046375227276,26.258172552943705,30.0,33167
118,val,1,178.802769441740423,229.626931998844327,23.475036997328537,60.0,34799
118,val,2,185.357920219949136,230.283839866206051,35.014875749946846,120.0,31948
119,val,0,106.311909683948144,154.772347341204068,27.558378690967043,30.0,33168
119,val,1,178.541238823339881,227.560155008561708,22.676760970223114,60.0,34800
119,val,2,185.775688990420065,231.541955671089255,34.921439223305477,120.0,31949
120,val,0,107.469520422152556,150.265600865145331,27.567948934150280,30.0,33168
120,val,1,177.640433173464316,225.799367053452869,23.401962190346914,60.0,34801
120,val,2,184.928871747073458,230.307913240320431,35.667426358719140,120.0,31951
121,val,0,106.836028377252404,150.348969680361080,27.419728112455438,30.0,33168
121,val,1,176.881361340537580,225.499897466275200,23.349502675948717,60.0,34802
121,val,2,185.529425187779566,230.706536211556227,35.413658722864049,120.0,31952
122,val,0,106.734726133386403,149.363740126953786,27.128845508543144,30.0,33169
122,val,1,174.436594585681490,227.024437456874438,23.406766072126235,60.0,34803
122,val,2,183.846751711232372,229.630153008646175,35.673506307583338,120.0,31954
123,val,0,105.337305638828212,152.385919130770787,28.289980588896871,30.0,33169
123,val,1,172.581998853744267,224.270524546657214,24.160756364378738,60.0,34804
123,val,2,183.602841290438420,229.533637180850576,36.024566688174431,120.0,31955
124,val,0,106.073968840526064,149.834946986644582,28.365464429971958,30.0,33169
124,val,1,175.481588513135904,223.272808179381769,23.561478466332840,60.0,34805
124,val,2,183.775796159369179,229.789069557088254,35.742834194128015,120.0,31957
125,val,0,106.187838840073283,150.184379806328309,28.860804067125141,30.0,33170
125,val,1,171.534445300009423,223.782381005231827,24.052433115587458,60.0,34806
125,val,2,184.348799177334570,229.330973677634319,35.618029748704444,120.0,31958
126,val,0,104.818067358572748,148.463388330714309,27.971977439050004,30.0,33170
126,val,1,171.662363304994727,226.081356287026523,24.357924454812864,60.0,34807
126,val,2,184.115473680352238,229.602327205236776,35.605550360383937,120.0,31960
127,val,0,106.260415958321801,149.790176574719339,29.218002255282499,30.0,33170
127,val,1,174.277426233816044,224.927141106829339,24.153856565787137,60.0,34808
127,val,2,183.179776847051102,228.896808260908301,35.994305373922835,120.0,31961
128,val,0,102.656919175100654,147.127914562498518,29.433144386248891,30.0,33171
128,val,1,170.557203077964715,223.830621216988590,24.706825418432480,60.0,34809
128,val,2,182.829864494713490,229.844516369904539,36.582772212493055,120.0,31963
129,val,0,103.918129527817200,148.112617233739286,28.353334828616202,30.0,33171
129,val,1,170.117367220140409,224.180229010915099,25.039550235658943,60.0,34810
129,val,2,182.820152901168797,229.333739087917223,35.916429270429425,120.0,31964
130,val,0,103.593420400916983,146.556119126988904,29.610785646874191,30.0,33171
130,val,1,168.868740513465667,223.412628529013858,24.537965497690536,60.0,34811
130,val,2,181.920638360419133,228.909287628158495,36.524271129359377,120.0,31966
131,val,0,101.991841627753786,144.233103412775961,29.858430358741852,30.0,33172
131,val,1,168.700164988343090,220.566147339831161,25.426366961113011,60.0,34812
131,val,2,182.124626034458203,228.701528605313769,36.501304486610266,120.0,31967
132,val,0,103.937765956900961,144.049926225007141,29.782403233467651,30.0,33172
132,val,1,168.075468500483169,218.691586398107376,25.662891131046067,60.0,34814
132,val,2,181.668821893639659,228.101744907564864,36.790690753947885,120.0,31969
133,val,0,100.599818362791822,144.643559145567593,30.404232261484342,30.0,33172
133,val,1,171.073426145355455,216.098835699871131,25.215566321103815,60.0,34815
133,val,2,181.370994511329968,228.855855862072985,36.998137356577757,120.0,31970
134,val,0,102.908536084278325,143.667650081037976,29.308831758102258,30.0,33173
134,val,1,169.715512681440288,219.033867979086438,25.915555479267585,60.0,34816
134,val,2,182.489248903878462,228.238030025672202,36.385188638766188,120.0,31972
135,val,0,102.277366516808485,142.776952883489429,30.272249027204463,30.0,33173
135,val,1,169.624616892380317,215.009726864573139,25.417745410895044,60.0,34817
135,val,2,180.609616871004903,227.893454857505731,36.703593227689645,120.0,31973
136,val,0,101.138308093384509,144.122456915039862,29.759339964291279,30.0,33173
136,val,1,167.592597404195971,215.040560467246792,26.083705382695303,60.0,34818
136,val,2,181.870573892696001,228.151356476118195,36.658013490495215,120.0,31975
137,val,0,100.104206234936100,141.534016578787089,29.643621138816673,30.0,33174
137,val,1,167.651810695793984,216.483714669749190,25.946896016748820,60.0,34819
137,val,2,181.330800277216724,227.510357673862416,37.034435637749382,120.0,31976
138,val,0,98.282929745508113,140.042178091179409,31.178829551651745,30.0,33174
138,val,1,167.691739933781179,215.231143787455039,26.879968291440438,60.0,34820
138,val,2,180.801100961492665,226.702278311141129,36.890452046606782,120.0,31978
139,val,0,98.872368514488187,143.244403706912067,31.236011931794074,30.0,33174
139,val,1,166.897989096947498,216.559454710890378,26.210448695503835,60.0,34821
139,val,2,179.945351556587326,226.442576294087871,37.526640966041541,120.0,31979
140,val,0,100.400006080471130,140.419367125244349,31.157897038355820,30.0,33174
140,val,1,162.964721421880597,216.017459854685285,27.253143310118745,60.0,34822
140,val,2,181.072294540720890,227.335808497624981,37.711409130226258,120.0,31981
141,val,0,97.071582332622597,141.361724736657095,30.906960896360825,30.0,33175
141,val,1,166.051959893484309,214.555319252736552,27.418918612152918,60.0,34823
141,val,2,180.529992857595687,226.312870704511681,37.736246290882804,120.0,31982
142,val,0,96.932626513888778,141.413118088188526,31.902133074478186,30.0,33175
142,val,1,162.108117381780943,213.916989451526092,27.044919244371869,60.0,34824
142,val,2,179.351336508148989,226.931462609784433,37.379772887267649,120.0,31984
143,val,0,96.226123366005837,137.734443031899531,31.281355441327793,30.0,33175
143,val,1,164.559123645848160,214.067392211551720,26.968882983171969,60.0,34825
143,val,2,179.747840446500902,226.135504513480271,38.098557582160545,120.0,31985
144,val,0,97.539501558112903,140.581215331707767,31.145958179184348,30.0,33176
144,val,1,164.472313109599810,208.772281735887759,28.050238416715640,60.0,34826
144,val,2,178.811568451851457,225.499323065960681,37.752885687226780,120.0,31987
145,val,0,97.769413497095456,137.147401400050427,32.086782070990658,30.0,33176
145,val,1,161.709617872820132,209.249459913246682,27.700086696050118,60.0,34827
145,val,2,178.558745594810972,226.227874592179830,37.500313779544669,120.0,31988
146,val,0,98.015230443764764,137.607096983457694,32.450115340736936,30.0,33176
146,val,1,162.212325067823571,210.183835264377734,27.582299760544277,60.0,34828
146,val,2,177.980347239857025,225.969324417618196,37.871103353153636,120.0,31990
147,val,0,95.524858117299644,138.455022393455351,32.640808364698188,30.0,33177
147,val,1,159.531795912781917,207.365874170080076,27.807930857527431,60.0,34829
147,val,2,178.369620805257568,225.214820855611833,37.806805533082475,120.0,31991
148,val,0,95.464471640675455,138.308364805018613,32.766112538318097,30.0,33177
148,val,1,161.796038748721628,208.420906311566966,27.830601217487327,60.0,34830
148,val,2,178.409210282311705,224.572557859382613,38.039326586220774,120.0,31993
149,val,0,95.075586413527049,136.088760680073761,32.921731274322646,30.0,33177
149,val,1,159.133555400442617,206.693579301133440,27.880305295628656,60.0,34831
149,val,2,178.036625430827627,225.760876255514404,38.557979677511383,120.0,31994
150,val,0,93.774383110554183,133.251887240405807,32.898983867649726,30.0,33178
150,val,1,159.339918738789720,205.351382765035623,28.856324977994070,60.0,34833
150,val,2,178.323973078133150,225.220952489825152,38.192004916678322,120.0,31996
151,val,0,93.453156488021918,132.405962383418853,32.675369030562322,30.0,33178
151,val,1,158.003539178568900,207.614998045221455,28.024724367993947,60.0,34834
151,val,2,177.461268340420588,224.964724641124263,38.269106393169558,120.0,31997
152,val,0,94.714676072091123,133.988274249367464,32.864253994262981,30.0,33178
152,val,1,158.271321991850641,201.995743349358634,29.099020928429830,60.0,34835
152,val,2,177.893910727234243,223.973603923668577,38.559826510367159,120.0,31999
153,val,0,92.532850352528243,135.541451648074144,33.473407102400692,30.0,33179
153,val,1,154.813107396979461,202.687730407981576,29.395869497002842,60.0,34836
153,val,2,177.074451622943172,224.846711169009893,38.860142554863899,120.0,32000
154,val,0,94.859428285040138,133.312072549307857,34.324337467462946,30.0,33179
154,val,1,158.207916764117442,204.074751688131130,29.389598822544617,60.0,34837
154,val,2,176.932134616119811,224.700963193549967,38.863967898914019,120.0,32002
155,val,0,94.131767669980533,133.421162469657645,33.787613226859698,30.0,33179
155,val,1,154.624700118304816,201.233185402559798,29.446847539213497,60.0,34838
155,val,2,177.187830408991829,224.037241664617653,39.030377413349179,120.0,32003
156,val,0,91.604342338786708,129.801393213960750,33.688876519261655,30.0,33180
156,val,1,154.094971766936652,200.932034699478351,29.482815939758737,60.0,34839
156,val,2,175.781125666890262,223.402954285776161,39.187228228205456,120.0,32005
157,val,0,92.644573124464159,129.171201357890311,34.065437352928534,30.0,33180
157,val,1,154.788861278052849,200.767771625854351,29.203115982424006,60.0,34840
157,val,2,176.075616138379019,224.243533695502265,39.199106042105861,120.0,32006
158,val,0,92.186874674691325,132.230410765756687,34.803075503808408,30.0,33180
158,val,1,153.431522661523672,197.668234225847925,29.563621397213566,60.0,34841
158,val,2,176.466583082171809,223.974510038252447,39.603334098430217,120.0,32008
159,val,0,90.830503816573795,131.160828985241068,34.657674209297809,30.0,33181
159,val,1,153.897974619382211,198.191912134187362,29.552966892113940,60.0,34842
159,val,2,175.639537183446578,222.522317044748917,39.199766209354145,120.0,32009
160,val,0,91.289786519747182,129.019888096095229,34.265117872706462,30.0,33181
160,val,1,152.665509808831501,196.931289749152114,30.258728196533365,60.0,34843
160,val,2,174.641792728051314,222.890595233537994,39.488481664952509,120.0,32011
161,val,0,88.662787989384810,129.542122250816959,34.410440723135821,30.0,33181
161,val,1,152.049516377679112,195.760985017151199,30.099728467934849,60.0,34844
161,val,2,174.754647764271084,222.597413404377050,39.751468936598982,120.0,32012
162,val,0,89.433025038758558,129.472900297972842,35.665294573732048,30.0,33181
162,val,1,150.468659956385068,195.222849497288991,29.784684124425254,60.0,34845
162,val,2,175.135187519164987,223.437204616286039,39.516584029623580,120.0,32014
163,val,0,89.929178510166039,129.037205361749670,35.579978999038232,30.0,33182
163,val,1,152.256845767150537,199.535332525164563,30.192113682083406,60.0,34846
163,val,2,173.931308037849448,221.949652189685310,39.435234526219539,120.0,32015
164,val,0,89.573698211701739,127.472897771079104,35.106830722470434,30.0,33182
164,val,1,151.408432393102345,197.753711203404322,30.316350432544539,60.0,34847
164,val,2,174.796658725980478,222.670796698799364,39.527496591175584,120.0,32017
165,val,0,89.659856025663714,128.738354148450327,35.129022740321027,30.0,33182
165,val,1,147.628430174361881,194.392738336274618,31.164977661928241,60.0,34848
165,val,2,175.220544810060090,221.942789000050624,40.120957188092824,120.0,32018
166,val,0,86.724064211619634,126.913774478413558,36.113086706656567,30.0,33183
166,val,1,147.400373382505336,196.342917918421961,31.562994484375366,60.0,34849
166,val,2,174.318427640642653,221.330601246365092,40.442886010485815,120.0,32020
167,val,0,88.694134801531192,124.771864483188764,35.999183392404319,30.0,33183
167,val,1,148.083718661035135,194.075085615442731,31.048032163976341,60.0,34850
167,val,2,174.551910994323833,222.213575291281586,39.825627187625223,120.0,32021
168,val,0,88.876078709564354,125.522802072074171,36.801558210961936,30.0,33183
168,val,1,149.089425914971656,192.944635037846126,31.740043793040439,60.0,34852
168,val,2,174.536044303052421,221.177960654490164,40.502743838772361,120.0,32023
169,val,0,87.025336843300380,124.256921570551725,36.390582471938416,30.0,33184
169,val,1,148.612710923576344,191.253646361690244,32.064396519292494,60.0,34853
169,val,2,174.051210718096428,220.706859324334545,40.664695790275331,120.0,32024
170,val,0,85.608713683631905,123.601388203506119,36.848015784731707,30.0,33184
170,val,1,146.356472417016619,189.141439210549976,32.229879114735510,60.0,34854
170,val,2,172.604368612399952,220.708510557941736,40.697919038307312,120.0,32026
171,val,0,85.514305301214790,124.934886986175442,37.177142557281464,30.0,33184
171,val,1,145.280962367284559,188.312234967475121,32.526376780461050,60.0,34855
171,val,2,172.191600875981948,221.295596014627762,40.546556192864763,120.0,32027
172,val,0,86.507181220789349,123.496738212288037,37.282805060825659,30.0,33185
172,val,1,145.708017585502745,192.132024979231261,31.548307668476557,60.0,34856
172,val,2,172.213315281645777,221.061932811141503,40.499075318314020,120.0,32029
173,val,0,85.488795604191168,121.932039670123388,37.297175024967665,30.0,33185
173,val,1,144.809644171586143,191.137773837279383,32.033059159849941,60.0,34857
173,val,2,172.881064099498815,220.227399184417237,40.556038689701282,120.0,32030
174,val,0,83.508516877326713,120.077378041399243,36.858315553548039,30.0,33185
174,val,1,144.743256987610806,190.510482762617727,32.004594693603991,60.0,34858
174,val,2,171.738123038141424,220.363471777234224,41.045275239921516,120.0,32032
175,val,0,85.983783302187717,121.028277370838282,37.298448812614410,30.0,33186
175,val,1,142.092516214777476,186.493168842718859,32.227765172323600,60.0,34859
175,val,2,171.436279529646839,219.453666206915926,40.991180630911252,120.0,32033
176,val,0,83.186744828610557,122.517668405854138,37.902076902078321,30.0,33186
176,val,1,144.330276113004430,185.378008709014466,33.252319393619722,60.0,34860
176,val,2,171.786280379532826,220.577389773987335,41.125702990371934,120.0,32035
177,val,0,83.425982633565226,119.503884478142680,37.528011904850736,30.0,33186
177,val,1,140.681674664391863,189.383463332800119,32.895761181201564,60.0,34861
177,val,2,172.173328071184841,219.664581142281946,40.818186833660818,120.0,32036
178,val,0,83.546673758931178,117.163029975547289,37.664433609683634,30.0,33187
178,val,1,142.514856937619129,184.964934133332548,33.753264808832249,60.0,34862
178,val,2,170.624001912269136,220.030931698422307,41.355772468904981,120.0,32038
179,val,0,83.671581927691904,117.381438407026280,38.425590238428917,30.0,33187
179,val,1,141.393861701873647,185.049100069100689,33.740717047090612,60.0,34863
179,val,2,172.022069529814331,219.137942370873446,41.469647037896316,120.0,32039
180,val,0,82.637967754185055,119.167279593994550,39.265718144107680,30.0,33187
180,val,1,139.655302558318198,182.983304105014099,33.639834810165638,60.0,34864
180,val,2,170.230794955470373,218.746204634827336,41.124485598424044,120.0,32041
181,val,0,80.163512460739227,117.271823601465783,38.914921674826509,30.0,33188
181,val,1,139.461573719045020,182.380361541757054,33.868620140520612,60.0,34865
181,val,2,171.019549566597021,218.984725908649779,41.727638434165122,120.0,32042
182,val,0,82.859666946598551,118.246861189957272,39.152901003105406,30.0,33188
182,val,1,140.624445414331404,185.732603897467044,33.657862643695793,60.0,34866
182,val,2,170.490404392045235,219.090679061282287,42.010429669466539,120.0,32044
183,val,0,82.109690437342508,114.397025210879278,38.640995368144090,30.0,33188
183,val,1,138.360940570920661,183.939396202529025,34.017221720967243,60.0,34867
183,val,2,169.778779953160637,218.099400725604056,41.932359906732231,120.0,32045
184,val,0,81.259503255057723,117.816875463259635,39.342780519302217,30.0,33188
184,val,1,138.653642288037759,179.339348005625055,33.475105684026524,60.0,34868
184,val,2,169.814405097014287,218.212034031053406,41.675336095731929,120.0,32047
185,val,0,78.780136465240076,117.335445828249519,40.045998591795659,30.0,33189
185,val,1,138.450122073834706,183.667141007968326,34.926336895778256,60.0,34869
185,val,2,170.031215160166084,217.940836939595300,41.605123816116460,120.0,32048
186,val,0,80.609126132856019,114.515875506459849,39.954138877175424,30.0,33189
186,val,1,139.475416456194353,178.482400951043104,34.538305661464875,60.0,34870
186,val,2,169.728335510910597,218.090581397337388,41.748718955393983,120.0,32050
187,val,0,78.806791403960048,113.318196983987306,40.172815618279557,30.0,33189
187,val,1,138.610089116651409,178.621270247958620,34.849842282668554,60.0,34872
187,val,2,168.847163676093970,218.594271356911179,42.441934416058288,120.0,32051
188,val,0,79.069882557138584,113.305098905973992,39.819209504859352,30.0,33190
188,val,1,135.489922264726601,181.614909403547614,34.628801504284056,60.0,34873
188,val,2,169.038013626342916,218.469603887068729,42.416122042319806,120.0,32053
189,val,0,78.623664747864112,112.545217946911563,39.815300128143953,30.0,33190
189,val,1,135.083241295917617,179.653276610037011,35.091459345508106,60.0,34874
189,val,2,169.264443548481324,217.078422134671627,42.429170346286881,120.0,32054
190,val,0,79.505742886955787,112.089583713097170,40.786402478426353,30.0,33190
190,val,1,133.355921708013881,180.188911897687120,35.235822181971329,60.0,34875
190,val,2,168.057469234170043,216.818903921039833,42.532327564257166,120.0,32056
191,val,0,77.814678876997846,109.940822723418933,41.426190976961230,30.0,33191
191,val,1,136.515340711177430,176.498651819543539,34.744496033080786,60.0,34876
191,val,2,168.934005627307954,217.148921136177051,42.769874276894384,120.0,32057
192,val,0,77.247073873773374,110.196491726887544,41.375490706273951,30.0,33191
192,val,1,136.245096213783569,174.513955283962247,35.491707176238236,60.0,34877
192,val,2,167.862002765782137,217.606732552271694,42.701114246613798,120.0,32059
193,val,0,78.079668792711203,112.331236684078192,40.711673783482524,30.0,33191
193,val,1,134.755113808653135,174.785663663452539,36.170893322850603,60.0,34878
193,val,2,167.861579072430146,217.261291089789466,42.618403581401346,120.0,32060
194,val,0,75.693809325886434,110.492999125453139,42.006944202617404,30.0,33192
194,val,1,132.743582677300083,172.518835558826993,35.807727727813251,60.0,34879
194,val,2,167.324596812406213,216.659767206871180,42.933587287235028,120.0,32062
195,val,0,75.803470307090578,108.709381308689643,40.958119086556373,30.0,33192
195,val,1,133.138932784406677,174.252491467740811,35.565911543784551,60.0,34880
195,val,2,167.897224080778216,215.691463959738854,43.200207537333846,120.0,32063
196,val,0,76.228115129175947,110.381802860923713,41.450217755828504,30.0,33192
196,val,1,132.389776731727068,174.975206363448336,36.732735772928010,60.0,34881
196,val,2,167.140199896896661,215.490952315461300,43.103568654512586,120.0,32065
197,val,0,75.418022322647545,110.079205256014376,42.386828008450046,30.0,33193
197,val,1,130.742827926072437,172.543326070945909,36.197923752283593,60.0,34882
197,val,2,167.332428304801851,215.871419193539708,43.330247501174142,120.0,32066
198,val,0,73.522603059379705,107.677223859436296,42.722318042560552,30.0,33193
198,val,1,129.671938911829102,172.789170915566530,36.622663810547103,60.0,34883
198,val,2,167.341677681143551,216.358112302336536,43.599557890997808,120.0,32068
199,val,0,73.865248831827628,106.407946600654640,42.529475398430357,30.0,33193
199,val,1,131.075945938141871,173.110000811002891,35.967308516315732,60.0,34884
199,val,2,165.643263678920619,215.829215937659484,43.751812009263190,120.0,32069
200,val,0,75.533436956034507,107.807809098891028,42.284243253339667,30.0,33194
200,val,1,127.356694780707045,171.003945388692301,37.253841966996937,60.0,34885
200,val,2,166.112677536228915,215.735028671390296,43.839311608406000,120.0,32071
201,val,0,71.893439522145925,107.464394662868443,42.259431320936699,30.0,33194
201,val,1,128.076640704353252,167.450143934166249,36.963305420723415,60.0,34886
201,val,2,166.108694779866028,215.695448818602216,43.340657367296366,120.0,32072
202,val,0,71.584186530371909,107.236910961004483,42.948666761799046,30.0,33194
202,val,1,126.852942656445720,171.179878524201541,36.610339393598551,60.0,34887
202,val,2,165.679927036822733,214.680812568786621,43.512361223314414,120.0,32074
203,val,0,70.927962892611319,106.364262535482595,43.569328126897226,30.0,33195
203,val,1,128.332441870004203,166.078935149339060,37.176580834747980,60.0,34888
203,val,2,165.230940232326702,215.001029674747883,43.928265167136118,120.0,32075
204,val,0,71.910978310440782,103.255657574455157,43.674035428144705,30.0,33195
204,val,1,125.477793437983905,166.672667387490975,37.398606697943165,60.0,34889
204,val,2,164.795470734045665,214.786710391437566,43.977594408756985,120.0,32077
205,val,0,73.413262589258835,102.892808116786711,44.067064578571205,30.0,33195
205,val,1,127.062579150690794,165.311666003413393,37.675842623634288,60.0,34891
205,val,2,165.402101466766311,214.860740367227095,43.648966924727937,120.0,32078
206,val,0,71.685439725003803,103.245917764239024,44.144424397003888,30.0,33195
206,val,1,124.711629189288971,167.632312684426410,37.897410267385588,60.0,34892
206,val,2,164.545418940472103,214.504994766448618,44.218983409716088,120.0,32080
207,val,0,71.506046864683128,103.702986982598304,43.960011317362145,30.0,33196
207,val,1,126.737466966660264,165.920900028680819,38.460608448056483,60.0,34893
207,val,2,164.862830406304909,213.813087081958741,44.173388748512117,120.0,32081
208,val,0,70.752988784067767,103.185826837918370,43.280028426504998,30.0,33196
208,val,1,123.575779070762650,165.891048817289658,37.652878349933040,60.0,34894
208,val,2,163.668041001056366,213.975474079727974,44.709689731364691,120.0,32083
209,val,0,70.167309076106818,103.445669466172248,44.602341436728736,30.0,33196
209,val,1,122.806113069316751,165.617392540690531,38.229287870949697,60.0,34895
209,val,2,164.697037886061480,214.102163496931354,44.293453281858831,120.0,32084
210,val,0,68.340021509781437,103.102388822442407,43.737835677437538,30.0,33197
210,val,1,125.577315614001179,165.101472394396808,38.720238626080310,60.0,34896
210,val,2,164.788861922501212,214.249605418073145,44.776705828118530,120.0,32086
211,val,0,68.767109471313105,101.744365872867036,43.734073493779015,30.0,33197
211,val,1,122.952195677610746,162.028178972537859,38.817947364240489,60.0,34897
211,val,2,163.980597285075021,213.473479432703868,44.893134807246931,120.0,32087
212,val,0,70.290147158395499,98.050585950610596,44.260543458384717,30.0,33197
212,val,1,119.940535366913153,163.798075077087930,38.835292567444320,60.0,34898
212,val,2,164.202388498455093,212.727224938789135,44.373390347950640,120.0,32089
213,val,0,69.475354391079335,101.148890755259600,44.555288375877637,30.0,33198
213,val,1,121.166618830782184,158.757442518094365,39.516983130757517,60.0,34899
213,val,2,162.826646806184129,212.952031885194828,44.503037880122584,120.0,32090
214,val,0,69.269049262063589,97.036664954851531,44.977086123320575,30.0,33198
214,val,1,121.819279438649389,161.536318567777641,39.683098748784573,60.0,34900
214,val,2,162.808654698949169,213.143758899238577,44.651807498010697,120.0,32092
215,val,0,67.249944771615048,96.299384591322507,45.221880218005964,30.0,33198
215,val,1,119.987689979546687,162.023671501783696,38.627054408092214,60.0,34901
215,val,2,162.485006287111730,212.495929783890006,45.405370028035200,120.0,32093
216,val,0,68.319760652932146,95.731407114300140,45.712307256760532,30.0,33199
216,val,1,120.044387159798845,161.454784085634486,39.229902255945618,60.0,34902
216,val,2,162.303945647197480,211.917452290387757,44.828973770127298,120.0,32095
217,val,0,67.873833856438139,96.789038983861545,45.867468451595443,30.0,33199
217,val,1,119.915858065327768,158.524546340759088,38.944849581585181,60.0,34903
217,val,2,162.798426517654065,211.809367869149440,44.933886987038029,120.0,32096
218,val,0,66.493935905494595,94.451630063452896,46.214236809954876,30.0,33199
218,val,1,117.268862229175269,155.591419184008032,40.246988954545166,60.0,34904
218,val,2,161.708315657033040,211.472044411322713,45.669908248544360,120.0,32098
219,val,0,64.172457328108649,97.498443713968882,45.455621331526586,30.0,33200
219,val,1,116.314379597020405,155.071159796836582,39.482852867500000,60.0,34905
219,val,2,162.097723028808417,211.095294894268392,45.046619333381500,120.0,32099
220,val,0,66.414933127348675,94.087914367924455,45.919670313191581,30.0,33200
220,val,1,115.934922749989411,153.199372758470929,40.408671164530702,60.0,34906
220,val,2,161.612460213212586,212.006751463965173,45.526198465786244,120.0,32101
221,val,0,65.953609375762227,94.778984228747234,45.781524718877726,30.0,33200
221,val,1,116.906790907264991,157.658700634140956,39.640311977192461,60.0,34907
221,val,2,161.860869959862953,212.002064178206524,45.665040513134556,120.0,32102
222,val,0,64.450148902745070,96.273550053645138,45.897971416112284,30.0,33201
222,val,1,116.200034222717790,153.782212512404300,40.667214783466164,60.0,34908
222,val,2,161.080003990752829,211.877081790648049,45.400115674813868,120.0,32104
223,val,0,62.752890770705839,94.075237932479737,46.095595566926249,30.0,33201
223,val,1,114.645040378953013,154.403454993329689,40.649326283516480,60.0,34910
223,val,2,160.538400788975025,211.816699569199955,45.876158313165227,120.0,32105
224,val,0,63.593845266502015,93.492591719115580,46.337014669436229,30.0,33201
224,val,1,116.077097209564215,154.956566716932059,40.953120319653351,60.0,34911
224,val,2,161.136019498196788,211.207284473890041,45.719654482734136,120.0,32107
225,val,0,63.165703770212303,91.197188680351630,46.893838823540094,30.0,33202
225,val,1,114.312235262369029,151.700821792358340,40.375550372006373,60.0,34912
225,val,2,160.263020878459827,210.931615870216007,45.951890651917338,120.0,32108
226,val,0,61.733494505572395,93.807622269744101,46.668406022435114,30.0,33202
226,val,1,115.514647814741735,149.106711068050714,40.544030123599320,60.0,34913
226,val,2,160.614134719128486,210.965721723088961,46.202786989608121,120.0,32110
227,val,0,62.780507362538529,91.583348997526272,47.260033692711851,30.0,33202
227,val,1,111.565319109930002,149.895668948907854,41.471930244807481,60.0,34914
227,val,2,160.402909726473553,210.861559394189669,46.439454084396985,120.0,32111
228,val,0,63.651942330078221,91.191612583046904,47.483873244853037,30.0,33202
228,val,1,113.134355297750517,148.356869593561186,41.626912507679734,60.0,34915
228,val,2,159.185932088628789,209.508162787151406,46.643063373211042,120.0,32113
229,val,0,61.198185895464427,91.364770947327372,48.014243505797673,30.0,33203
229,val,1,113.631265007319826,151.304300757044729,42.218853923486215,60.0,34916
229,val,2,160.064968755331222,210.091268929035294,46.578960395009780,120.0,32114
230,val,0,59.622546543920379,91.557540843136806,48.594934615024926,30.0,33203
230,val,1,110.485930154218877,146.726163905399233,42.021441607900485,60.0,34917
230,val,2,158.879045685240726,209.481913855142324,46.159597198105757,120.0,32116
231,val,0,62.056053106033232,89.327019460664360,48.129606084672496,30.0,33203
231,val,1,109.302194432755471,148.631278454010413,41.288304454828584,60.0,34918
231,val,2,159.464221369173856,209.100698564869987,46.600156793252800,120.0,32117
232,val,0,59.845470619096858,87.858845854239590,48.810383649627056,30.0,33204
232,val,1,111.720247304222355,147.529227768740014,41.527494210022951,60.0,34919
232,val,2,157.933907443971350,208.821982733272932,46.864100305073663,120.0,32119
233,val,0,60.551585752896500,86.840849330031247,48.909353789652592,30.0,33204
233,val,1,109.752247891344552,146.079250246303815,41.945944192074144,60.0,34920
233,val,2,159.015304849198316,208.564894560559452,46.812073272892007,120.0,32120
234,val,0,58.808751414327908,88.132094502701037,48.831475698643544,30.0,33204
234,val,1,110.022631581384829,143.056591649597777,42.275890785174887,60.0,34921
234,val,2,158.491411758668278,208.212088454378801,46.808703265259560,120.0,32122
235,val,0,58.144266755326115,85.084311554276368,48.668257892936964,30.0,33205
235,val,1,107.828085837761904,142.116353196130689,42.913267008640403,60.0,34922
235,val,2,157.466049107126850,208.591883956432753,47.239868157943633,120.0,32123
236,val,0,58.701358449561873,87.702199131989545,49.700547830223101,30.0,33205
236,val,1,106.026443514122434,146.349522387237243,42.136395472756618,60.0,34923
236,val,2,156.939657989114380,209.229478013719245,47.471417247886166,120.0,32125
237,val,0,58.535969321798952,85.942417851117327,49.742870908503235,30.0,33205
237,val,1,107.074208568432184,141.296514121440936,42.274187309471330,60.0,34924
237,val,2,157.279535391612626,208.855688208392593,47.373492354461099,120.0,32126
238,val,0,58.982212580821333,86.958874091625191,48.982879645504624,30.0,33206
238,val,1,108.506393177410231,141.318357081935119,43.201068228408268,60.0,34925
238,val,2,157.419521958878107,208.044595454408352,47.223278841454075,120.0,32128
239,val,0,56.894971972749559,83.702986263689112,49.295415951930316,30.0,33206
239,val,1,106.335569999129689,139.846678903357656,43.261922365123148,60.0,34926
239,val,2,157.901476456191176,207.783223191845991,47.666603956572601,120.0,32129
240,val,0,58.096302749754095,85.340319716583778,49.589805897486706,30.0,33206
240,val,1,104.022490869015868,139.608042291965916,43.552178086549326,60.0,34927
240,val,2,157.396127089021292,208.061410292594928,47.317946133975198,120.0,32131
241,val,0,57.519490883412281,83.301389944194440,50.572391646869939,30.0,33207
241,val,1,106.338589816944790,140.346326020484298,44.149400494472061,60.0,34928
241,val,2,156.797194066293883,207.840109106685674,47.786054946064176,120.0,32132
242,val,0,57.407905838470114,83.341327468272084,49.839743219783166,30.0,33207
242,val,1,102.474268573769308,139.585880460750388,43.484144083915169,60.0,34930
242,val,2,156.022203310254071,206.763356692121079,47.791944202762764,120.0,32134
243,val,0,55.113168297669901,81.969145874473099,49.886093979984466,30.0,33207
243,val,1,105.500640846829540,136.743940103481094,44.402209729941951,60.0,34931
243,val,2,156.875863969008009,207.428319040756662,47.893555311997766,120.0,32135
244,val,0,55.207654487825017,81.868524049029659,51.200131808262213,30.0,33208
244,val,1,105.215551202703395,138.186358819504989,44.495841185947484,60.0,34932
244,val,2,156.262463064133158,206.788761511587438,47.969647006317977,120.0,32137
245,val,0,53.731681227535987,79.044226611987000,50.337766425953745,30.0,33208
245,val,1,104.641904828383517,136.848081932975390,44.534498754663552,60.0,34933
245,val,2,155.754155500867597,206.370390340587562,47.884903123903378,120.0,32138
246,val,0,54.281562140835440,80.203440695884979,51.169068627997689,30.0,33208
246,val,1,100.546521854934824,136.297140017167152,44.123470382930883,60.0,34934
246,val,2,155.342224677799919,206.433801454541964,48.273404476743245,120.0,32140
247,val,0,55.049919623754754,80.585795272015446,50.660678646423044,30.0,33209
247,val,1,99.653250210906393,137.348094271090218,44.291648670177068,60.0,34935
247,val,2,155.698824996986161,206.730451944550140,48.627777049480173,120.0,32141
248,val,0,54.913479311105007,78.578810212111875,51.641201041702026,30.0,33209
248,val,1,99.286430378569662,134.720340057940206,45.373191798747833,60.0,34936
248,val,2,155.418853199407636,206.135090007908531,48.474738308506119,120.0,32143
249,val,0,54.711635579074674,77.900423556880682,51.516293976275470,30.0,33209
249,val,1,101.776812317627673,136.686998228107370,45.141332624848815,60.0,34937
249,val,2,155.430268425798118,206.475544612240327,48.650560474103905,120.0,32144
250,val,0,52.898131675952854,78.871425444952777,51.777945471677910,30.0,33209
250,val,1,99.152137740707374,133.351283983650518,44.652084136210178,60.0,34938
250,val,2,154.047276355152377,206.604900262822525,48.589348195486345,120.0,32146
251,val,0,51.462761214432795,75.973790341135910,51.438675577449516,30.0,33210
251,val,1,100.848630617260483,131.112826248356043,45.609214922399943,60.0,34939
251,val,2,154.976355157083049,206.316598379538505,48.323962472930383,120.0,32147
252,val,0,51.414861952034158,78.283171612395734,51.711271293913690,30.0,33210
252,val,1,98.044586678041782,130.745749824400121,45.856664758935551,60.0,34940
252,val,2,154.623845058736947,206.011992492373537,48.530420049895852,120.0,32149
253,val,0,51.335454687822079,76.086140485551610,52.735354397111067,30.0,33210
253,val,1,96.796364547924398,131.659926503654958,45.291696588541399,60.0,34941
253,val,2,154.348910927673273,205.270447724451230,48.933928496244043,120.0,32150
254,val,0,50.480841792361936,77.337924887222243,52.608479104168431,30.0,33211
254,val,1,99.037401223615760,130.495338732296574,46.344662873943406,60.0,34942
254,val,2,154.557582494492607,205.099597792292030,48.829245304879130,120.0,32152
255,val,0,50.304989993051763,75.481029321256258,53.559067526861504,30.0,33211
255,val,1,98.362065248468056,132.288263961362162,45.428543878196777,60.0,34943
255,val,2,152.950678789368226,205.183963470313699,49.416044250489790,120.0,32153
256,val,0,50.468379174762916,72.966133201947230,53.565187677495118,30.0,33211
256,val,1,97.935347939249255,128.571912445805452,46.431331783866327,60.0,34944
256,val,2,152.760596598482806,205.397857178971918,48.922852640769946,120.0,32155
257,val,0,49.651449246560141,76.260328098051559,52.801396099304611,30.0,33212
257,val,1,95.451782346960869,128.224652033918233,45.611978063943589,60.0,34945
257,val,2,152.117111678381065,204.590217914141647,49.097083374369070,120.0,32156
258,val,0,51.115397576709697,73.074040462921587,52.695159999031361,30.0,33212
258,val,1,97.134529946140660,130.343469821882906,46.612854623126715,60.0,34946
258,val,2,153.265473672541987,203.842104353297628,49.240752682146102,120.0,32158
259,val,0,50.137090356025631,73.975061758537237,53.054492920874516,30.0,33212
259,val,1,95.478549321001665,127.355922527025697,45.916306069342284,60.0,34947
259,val,2,151.700260651140695,203.832838728961178,49.791313644351014,120.0,32159
260,val,0,48.765643927331823,73.548247723732899,53.839510747268854,30.0,33213
260,val,1,92.074751319087810,125.703176275687198,46.478916965508390,60.0,34949
260,val,2,151.408645863183892,203.893331654967881,49.859524950490631,120.0,32161
261,val,0,48.034578582387120,70.156480596811562,54.606784773184458,30.0,33213
261,val,1,93.785223956934104,123.405488217419375,46.932191915084054,60.0,34950
261,val,2,151.539266453109178,203.280150070153809,49.662800095904181,120.0,32162
262,val,0,48.147309058014443,70.180877506540781,54.049853697074113,30.0,33213
262,val,1,93.516483120290943,123.085243148104794,47.713511977032276,60.0,34951
262,val,2,150.980495420421306,203.675193341925450,49.828564715047357,120.0,32164
263,val,0,48.990283368043777,71.047229972004487,54.200117928136393,30.0,33214
263,val,1,92.007567791147707,125.554857897509109,47.888559663951327,60.0,34952
263,val,2,151.095740013032724,202.704522178065787,50.160615161028964,120.0,32165
264,val,0,46.392081158915090,71.296366742097703,54.753960282280893,30.0,33214
264,val,1,92.845760434917878,125.410619182766482,47.186909024764795,60.0,34953
264,val,2,150.471377143832939,203.324999306162852,50.282905546178561,120.0,32167
265,val,0,45.397027047208603,70.938412213782712,54.693930652892419,30.0,33214
265,val,1,91.896265224568694,124.088846614532144,47.994601173548290,60.0,34954
265,val,2,150.273767184539651,203.486929860837193,50.093410788324640,120.0,32168
266,val,0,45.376642686992056,67.001953957585329,54.478659661861755,30.0,33215
266,val,1,88.212416444257556,125.117219730764987,47.764704500355379,60.0,34955
266,val,2,151.773700551587723,202.939698386104908,50.027922890559651,120.0,32170
267,val,0,46.511701234196494,67.106895631113588,54.909710142139716,30.0,33215
267,val,1,91.122879547808694,124.003599236937774,47.685615201950611,60.0,34956
267,val,2,149.923162542997403,202.481465928690341,50.650604516948668,120.0,32171
268,val,0,46.057091709702746,69.758733467739205,55.145279138332612,30.0,33215
268,val,1,91.447304998646160,121.137767989812687,48.073796535212061,60.0,34957
268,val,2,151.186991556586577,202.522605077647228,50.680111081199890,120.0,32173
269,val,0,45.581358519907383,65.454258158788093,55.665487522833082,30.0,33216
269,val,1,90.141340160149085,120.702028101508020,48.004274581639173,60.0,34958
269,val,2,149.374634892578115,202.549030519698874,50.376958577169091,120.0,32174
270,val,0,44.739419523299510,66.474464415996522,55.989200159238742,30.0,33216
270,val,1,87.322682384969298,117.061543876699147,48.905467912873497,60.0,34959
270,val,2,149.651763584736415,202.874814272401920,50.452639511978489,120.0,32176
271,val,0,45.595534438877252,68.294125229892643,55.239371000142874,30.0,33216
271,val,1,88.087939152635542,118.202008618527728,48.979679268049594,60.0,34960
271,val,2,150.030605405458999,202.615018833915002,50.446582761346384,120.0,32177
272,val,0,43.914509147637482,66.961830156136841,55.368030387471272,30.0,33216
272,val,1,84.798134150380648,119.889263497927018,48.564172355340148,60.0,34961
272,val,2,149.243007200728869,201.834553572193926,50.926923080185546,120.0,32179
273,val,0,43.735560160110595,67.159329493997632,56.073890855185020,30.0,33217
273,val,1,87.504554684013243,117.980703547569931,48.949050807595050,60.0,34962
273,val,2,149.038689067451855,201.770175327714384,50.737711692993685,120.0,32180
274,val,0,41.400984044687242,65.613862729596804,56.458341310583052,30.0,33217
274,val,1,85.134370340223043,117.188048271810558,48.757213521982891,60.0,34963
274,val,2,148.548239344451673,201.268664727201667,51.450928454764181,120.0,32182
275,val,0,41.562545988412481,65.872225689771369,56.636543905337334,30.0,33217
275,val,1,83.293405639071707,118.155611685511118,49.178416069351364,60.0,34964
275,val,2,149.509990973559667,201.076518744576191,50.808887749617405,120.0,32183
276,val,0,42.482766885747722,64.977822624030125,56.564313884929966,30.0,33218
276,val,1,83.768933000955926,112.863019541036138,49.465568438499403,60.0,34965
276,val,2,149.263523225815987,201.507940647656511,51.421618279901686,120.0,32185
277,val,0,42.892226397826093,63.456749281345509,57.479510941592650,30.0,33218
277,val,1,83.943934404673740,112.468773841093650,49.175328974302829,60.0,34966
277,val,2,147.622906126740617,201.224226010908637,50.962193498612102,120.0,32186
278,val,0,41.208329733669565,61.656517367133915,57.684946960627762,30.0,33218
278,val,1,83.558023132514819,114.593362462463318,49.188197834615252,60.0,34968
278,val,2,147.709042286321363,201.354084277139066,51.631061733589767,120.0,32188
279,val,0,40.691658400385386,62.919694390586308,57.905234932552098,30.0,33219
279,val,1,80.705731578825194,115.962847416930956,50.099159875501037,60.0,34969
279,val,2,147.739551363582905,200.674725526900090,51.426399620253420,120.0,32189
280,val,0,41.462708594593003,62.401009447711274,57.814757072798415,30.0,33219
280,val,1,80.629173034234853,115.205778822831661,49.984915403093012,60.0,34970
280,val,2,148.368904359799672,199.528225785282018,51.347822079613820,120.0,32191
281,val,0,38.589037605770102,59.012772761782074,57.519998861339914,30.0,33219
281,val,1,82.537684569095788,110.885798693134632,50.831839350639839,60.0,34971
281,val,2,148.106646628845226,200.547794264521826,51.553176437547059,120.0,32192
282,val,0,39.799186774126206,60.211530457711206,57.408196534968418,30.0,33220
282,val,1,80.023480429523090,111.251744842939132,50.411562234558602,60.0,34972
282,val,2,146.514985732976186,200.503859936249995,51.576073756089841,120.0,32194
283,val,0,39.458461957673137,60.419468508014909,58.332354618663473,30.0,33220
283,val,1,81.990415532494126,110.705013714083464,51.009999947307051,60.0,34973
283,val,2,146.019824391741594,198.941892355414012,52.076836426266595,120.0,32195
284,val,0,38.760314494650778,59.531727132980457,58.770004681272809,30.0,33220
284,val,1,79.384166517001091,110.420706931985137,50.738492108825589,60.0,34974
284,val,2,146.907483951355204,199.125301500644923,52.436726875817179,120.0,32197
285,val,0,38.022022754756712,59.665336756745134,58.834857345545466,30.0,33221
285,val,1,78.230835818193796,106.415308699195350,50.318490600757933,60.0,34975
285,val,2,146.323828230894350,199.232748592285930,51.922363977608114,120.0,32198
286,val,0,38.019780643249426,56.842582448946118,59.076086547039182,30.0,33221
286,val,1,79.710262996988078,110.264237714205962,51.710485239013622,60.0,34976
286,val,2,145.513247388537877,198.868340094730343,52.316994354038641,120.0,32200
287,val,0,36.626047067432268,56.977711734679431,58.576787526354082,30.0,33221
287,val,1,76.818262844056733,105.110428371356235,50.959784222321630,60.0,34977
287,val,2,145.754626046143301,199.052709499188921,52.162253102991571,120.0,32201
288,val,0,38.053246771674971,55.003558557546533,58.858680978440084,30.0,33222
288,val,1,77.790962936951701,105.641420101845554,51.759351081682333,60.0,34978
288,val,2,145.735424365077165,198.708287496613735,52.469166339018287,120.0,32203
289,val,0,35.748602402015536,53.808943551296522,59.993604172294582,30.0,33222
289,val,1,76.859793390476071,108.713906657490625,51.192294826045298,60.0,34979
289,val,2,145.230705516882523,197.807459836589516,52.567832957200238,120.0,32204
290,val,0,37.269211260903909,56.129046019199095,59.457979753706539,30.0,33222
290,val,1,76.418733400557144,107.298942356874576,51.647656499056986,60.0,34980
290,val,2,145.988831019058779,198.653228839960491,52.889870599683285,120.0,32206
291,val,0,35.101140913574433,54.398001755162163,59.800628720509330,30.0,33223
291,val,1,74.209860498683142,104.871976165279563,51.335723955545518,60.0,34981
291,val,2,145.048471059245600,198.519332695872464,52.595327921130902,120.0,32207
292,val,0,36.788739491631105,55.109725049400247,59.300443669252211,30.0,33223
292,val,1,77.316823697410143,103.226079750719805,52.467889903873974,60.0,34982
292,val,2,144.506705414134927,198.596115074952621,53.086253639016000,120.0,32209
293,val,0,33.694843772436599,53.755984193005538,60.073668525763892,30.0,33223
293,val,1,72.324472886235725,101.014248810523242,52.016119911865886,60.0,34983
293,val,2,144.525941420781578,197.668080913013824,53.066336899137511,120.0,32210
294,val,0,34.344708878896199,52.357002323367809,60.436648663293518,30.0,33223
294,val,1,72.290472126543818,105.244777746180134,52.726490674477489,60.0,34984
294,val,2,143.966700755962734,197.293105192019425,53.349948773464519,120.0,32212
295,val,0,33.980835325873215,53.530986999615536,60.147786411920372,30.0,33224
295,val,1,74.795124229981653,100.913099306864311,52.805291277409722,60.0,34985
295,val,2,145.007550865208913,197.481287889268032,53.425962048192702,120.0,32213
296,val,0,34.212963631983072,52.866721325676124,59.920296705160673,30.0,33224
296,val,1,72.590403870674720,103.664996656792383,53.117836648726751,60.0,34987
296,val,2,144.393625893409592,197.281633266966679,53.466098708772108,120.0,32215
297,val,0,33.312350812494394,49.927546812881580,61.031641549141291,30.0,33224
297,val,1,72.688755923050891,102.212964202572081,52.434114100152023,60.0,34988
297,val,2,143.982339606080131,196.255484563962852,53.753620970957392,120.0,32216
298,val,0,31.289006901118849,48.664014813122030,60.739636514160203,30.0,33225
298,val,1,69.881889266877465,100.617265200787912,52.952149788506610,60.0,34989
298,val,2,143.925959169217037,197.425704983237495,53.793730809926878,120.0,32218
299,val,0,32.986039995141674,48.292975668044988,60.661293461813543,30.0,33225
299,val,1,69.557635478857392,97.775477635261524,53.455791752584858,60.0,34990
299,val,2,143.226415565547512,196.306644719194281,53.322753655621611,120.0,32219
300,val,0,33.161672582915671,49.005746190793744,61.182107361296261,30.0,33225
300,val,1,71.642695820380240,99.350592269708841,53.596967734052811,60.0,34991
300,val,2,143.307728688656226,196.569817431715165,53.440207749944449,120.0,32221
301,val,0,30.488776445857788,49.424163686937312,61.174397447166307,30.0,33226
301,val,1,72.005192088253693,96.173128768014507,53.289173075302550,60.0,34992
301,val,2,142.165601145118814,196.524717429201161,53.644196792682152,120.0,32222
302,val,0,30.414021492225224,50.574520692875574,62.237053387546965,30.0,33226
302,val,1,68.103636507221808,94.460922017817396,53.974563647580084,60.0,34993
302,val,2,142.255484209672204,196.755516284260210,54.156484850969555,120.0,32224
303,val,0,32.042924525356476,49.413966551157813,61.655084329064366,30.0,33226
303,val,1,67.581718767886983,97.146464964063767,53.698958797093006,60.0,34994
303,val,2,142.140046243808683,195.457460287946475,53.980524502493203,120.0,32225
304,val,0,29.663099280846524,47.626330665315592,62.355915370030402,30.0,33227
304,val,1,68.927476438664129,94.460922017817396,54.225979352018527,60.0,34995
304,val,2,142.177610399381678,195.449501111558334,54.201315626163584,120.0,32227
305,val,0,29.663099280846524,46.88018799477274,62.3559153700304,30.0,33227
305,val,1,67.4093968405262,94.4609220178174,54.23762715738941,60.0,34996
305,val,2,141.78242399308735,195.44950111155833,54.201315626163584,120.0,32228
